Estado,Leche (miles de litros),Unnamed: 2_level_0,Unnamed: 3_level_0,Carne en canal (toneladas),Unnamed: 5_level_0,Unnamed: 6_level_0,Unnamed: 7_level_0,Unnamed: 8_level_0,Unnamed: 9_level_0,Unnamed: 10_level_0,Otros productos,Unnamed: 12_level_0,Unnamed: 13_level_0,Unnamed: 14_level_0,Año,Mes-Año
Unnamed: 0_level_1,Bovino,Caprino,Total,Bovino,Porcino,Ovino,Caprino,Ave,Guajolote,Total,Huevo para plato,Miel,Cera en greña,Lana sucia,Unnamed: 15_level_1,Unnamed: 16_level_1
Aguascalientes,38835.07,,38835.07,3051.13,1807.38,77.585,18.373,34956.48,,39910.95,735.495,127.5,,,2025,Diciembre_2025Avance mensual de la producción pecuaria (1).xls.xlsx
Baja California,18684.29,37.8,18722.09,6306.56,107.477,30.438,19.215,94.649,,6558.34,2749.22,,,,2025,Diciembre_2025Avance mensual de la producción pecuaria (1).xls.xlsx
Baja California Sur,2974.97,394.431,3369.4,584.656,104.94,23.652,43.019,57.269,,813.536,82.483,154.0,4.653,,2025,Diciembre_2025Avance mensual de la producción pecuaria (1).xls.xlsx
Campeche,4131.3,3.92,4135.22,2329.77,640.695,182.151,3.999,2702.88,83.071,5942.57,440.349,,,,2025,Diciembre_2025Avance mensual de la producción pecuaria (1).xls.xlsx
Coahuila,133611.37,4040.24,137651.62,4980.9,457.487,73.253,323.563,8659.14,,14494.34,5778.16,41.071,0.84,,2025,Diciembre_2025Avance mensual de la producción pecuaria (1).xls.xlsx
Colima,3818.24,2.0,3820.24,755.963,653.936,13.686,7.929,1179.21,0.385,2611.11,127.236,265.589,6.733,,2025,Diciembre_2025Avance mensual de la producción pecuaria (1).xls.xlsx
Chiapas,42157.6,,42157.6,10410.25,3805.59,217.913,,24787.79,110.21,39331.75,479.417,1555.92,25.906,10.76,2025,Diciembre_2025Avance mensual de la producción pecuaria (1).xls.xlsx
Chihuahua,105991.69,602.791,106594.48,7705.21,721.015,149.899,53.585,285.183,225.38,9140.27,518.935,,,,2025,Diciembre_2025Avance mensual de la producción pecuaria (1).xls.xlsx
Ciudad de México,931.697,,931.697,41.898,128.603,17.611,,5.35,,193.462,6.616,,,,2025,Diciembre_2025Avance mensual de la producción pecuaria (1).xls.xlsx
Durango,134094.19,2240.32,136334.51,12361.73,381.238,49.167,81.057,25151.52,,38024.71,7147.76,12.183,0.316,,2025,Diciembre_2025Avance mensual de la producción pecuaria (1).xls.xlsx
Guanajuato,80051.64,3799.53,83851.17,5292.06,13015.65,219.474,136.447,20907.03,,39570.65,5932.94,79.673,0.071,,2025,Diciembre_2025Avance mensual de la producción pecuaria (1).xls.xlsx
Guerrero,8375.85,,8375.85,4283.99,2197.16,129.849,356.445,1071.65,111.061,8150.16,790.495,649.649,15.046,,2025,Diciembre_2025Avance mensual de la producción pecuaria (1).xls.xlsx
Hidalgo,34168.38,5.2,34173.58,2754.79,1724.43,773.572,67.931,8495.73,126.122,13942.58,556.313,,,,2025,Diciembre_2025Avance mensual de la producción pecuaria (1).xls.xlsx
México,38326.71,,38326.71,3737.36,2517.27,1237.7,44.214,11905.91,286.85,19729.31,1405.05,128.728,2.24,16.059,2025,Diciembre_2025Avance mensual de la producción pecuaria (1).xls.xlsx
Michoacán,33107.46,352.414,33459.88,10576.79,5070.65,198.453,239.715,5865.18,12.885,21963.67,1744.25,754.505,20.56,18.212,2025,Diciembre_2025Avance mensual de la producción pecuaria (1).xls.xlsx
Morelos,1834.63,,1834.63,636.052,501.44,68.343,61.933,6730.01,,7997.78,88.07,1138.78,,,2025,Diciembre_2025Avance mensual de la producción pecuaria (1).xls.xlsx
Nayarit,3445.11,,3445.11,1863.76,532.773,25.247,11.086,3701.75,,6134.61,2906.49,159.851,3.229,,2025,Diciembre_2025Avance mensual de la producción pecuaria (1).xls.xlsx
Nuevo León,1378.67,378.085,1756.75,6707.91,1660.88,229.818,249.399,8145.27,,16993.27,8332.12,,,,2025,Diciembre_2025Avance mensual de la producción pecuaria (1).xls.xlsx
Oaxaca,12737.39,,12737.39,5901.26,2657.96,243.029,342.199,1206.66,80.597,10431.7,597.156,1071.27,25.0,,2025,Diciembre_2025Avance mensual de la producción pecuaria (1).xls.xlsx
Querétaro,36264.68,254.672,36519.35,9893.53,3820.96,126.378,18.754,35804.7,7.457,49671.78,1701.24,0.196,0.006,,2025,Diciembre_2025Avance mensual de la producción pecuaria (1).xls.xlsx
Quintana Roo,575.497,1.027,576.524,388.389,345.251,53.861,2.719,728.611,15.282,1534.11,41.622,290.385,6.772,,2025,Diciembre_2025Avance mensual de la producción pecuaria (1).xls.xlsx
San Luis Potosí,13040.36,432.255,13472.62,12962.61,2764.79,284.087,388.99,9904.94,19.805,26325.21,12885.3,183.578,4.841,,2025,Diciembre_2025Avance mensual de la producción pecuaria (1).xls.xlsx
Sinaloa,8714.47,,8714.47,10206.37,2135.39,96.26,92.676,14858.03,,27388.72,6629.73,,,,2025,Diciembre_2025Avance mensual de la producción pecuaria (1).xls.xlsx
Tabasco,8084.29,,8084.29,6431.16,1377.03,31.971,,2817.4,137.66,10795.21,125.474,39.331,0.876,,2025,Diciembre_2025Avance mensual de la producción pecuaria (1).xls.xlsx
Tamaulipas,1829.21,8.985,1838.19,2662.03,914.518,125.302,131.636,38.87,,3872.35,95.834,13.58,0.308,,2025,Diciembre_2025Avance mensual de la producción pecuaria (1).xls.xlsx
Tlaxcala,7319.8,153.735,7473.53,827.173,1163.53,393.982,34.964,78.571,44.123,2542.34,142.137,,,,2025,Diciembre_2025Avance mensual de la producción pecuaria (1).xls.xlsx
Veracruz,68421.03,212.802,68633.84,25774.91,17126.91,592.34,69.618,59268.91,144.123,102976.81,1560.51,360.809,11.043,,2025,Diciembre_2025Avance mensual de la producción pecuaria (1).xls.xlsx
Zacatecas,17084.48,568.956,17653.43,4400.13,975.52,398.452,414.244,332.739,2.617,6523.7,454.748,90.644,1.952,5.99,2025,Diciembre_2025Avance mensual de la producción pecuaria (1).xls.xlsx
Total nacional,1150372.26,14610.07,1164982.33,199658.56,187455.26,7167.64,3768.99,374599.37,2184.36,774834.19,277294.42,10498.81,195.576,80.789,2025,Diciembre_2025Avance mensual de la producción pecuaria (1).xls.xlsx
Región Lagunera,255362.22,5196.66,260558.87,11837.51,429.35,21.577,195.734,33579.35,,46063.53,11498.04,16.358,0.414,,2025,Diciembre_2025Avance mensual de la producción pecuaria (1).xls.xlsx
Delegación Coahuila,2725.03,1048.79,3773.82,1830.58,120.149,66.919,178.412,198.898,,2394.96,1281.98,36.896,0.742,,2025,Diciembre_2025Avance mensual de la producción pecuaria (1).xls.xlsx
Delegación Durango,9618.31,35.12,9653.43,3674.53,289.226,33.924,30.474,32.408,,4060.56,145.902,,,,2025,Diciembre_2025Avance mensual de la producción pecuaria (1).xls.xlsx
Laguna-Coahuila,130886.34,2991.45,133877.79,3150.32,337.338,6.334,145.151,8460.24,,12099.38,4496.18,4.175,0.098,,2025,Diciembre_2025Avance mensual de la producción pecuaria (1).xls.xlsx
Laguna-Durango,124475.88,2205.2,126681.08,8687.2,92.012,15.243,50.583,25119.12,,33964.15,7001.86,12.183,0.316,,2025,Diciembre_2025Avance mensual de la producción pecuaria (1).xls.xlsx
Aguascalientes,36759.16,,36759.16,3432.94,1624.89,75.023,15.804,34369.82,,39518.48,617.283,,,,2024,Enero_2024Avance mensual de la producción pecuaria.xls.xlsx
Baja California,18451.84,33.098,18484.94,9898.05,105.128,26.341,19.881,80.354,,10129.76,2557.45,,,,2024,Enero_2024Avance mensual de la producción pecuaria.xls.xlsx
Baja California Sur,2429.74,361.328,2791.07,376.474,112.743,22.329,38.114,75.25,,624.91,85.048,3.539,0.064,,2024,Enero_2024Avance mensual de la producción pecuaria.xls.xlsx
Campeche,4030.65,4.799,4035.44,2132.06,565.873,161.347,3.993,2427.3,57.824,5348.39,409.44,880.83,10.157,,2024,Enero_2024Avance mensual de la producción pecuaria.xls.xlsx
Coahuila,133647.79,3487.78,137135.57,4467.14,476.813,65.095,272.566,8268.98,,13550.6,5358.86,37.093,0.754,,2024,Enero_2024Avance mensual de la producción pecuaria.xls.xlsx
Colima,2375.31,0.231,2375.54,796.639,838.602,12.467,7.522,1410.27,0.368,3065.87,162.55,282.03,7.129,,2024,Enero_2024Avance mensual de la producción pecuaria.xls.xlsx
Chiapas,41622.31,,41622.31,10150.66,3410.79,197.988,,25260.89,105.184,39125.51,468.437,1530.99,22.024,10.946,2024,Enero_2024Avance mensual de la producción pecuaria.xls.xlsx
Chihuahua,98250.0,536.446,98786.44,8545.31,718.622,127.349,36.482,289.368,63.971,9781.11,423.28,,,,2024,Enero_2024Avance mensual de la producción pecuaria.xls.xlsx
Ciudad de México,838.502,,838.502,48.459,128.598,15.25,,6.82,,199.127,4.8,,,,2024,Enero_2024Avance mensual de la producción pecuaria.xls.xlsx
Durango,128447.71,2012.75,130460.46,10395.76,357.694,43.408,51.598,23930.3,,34778.75,6524.53,38.821,0.858,,2024,Enero_2024Avance mensual de la producción pecuaria.xls.xlsx
Guanajuato,74594.12,3330.35,77924.47,5488.27,12123.38,208.657,122.61,19676.64,,37619.55,5673.61,54.221,,,2024,Enero_2024Avance mensual de la producción pecuaria.xls.xlsx
Guerrero,9103.11,,9103.11,4051.73,2177.55,122.206,307.484,1172.08,103.051,7934.1,741.083,636.444,15.339,,2024,Enero_2024Avance mensual de la producción pecuaria.xls.xlsx
Hidalgo,30670.06,4.36,30674.42,2745.69,1690.76,712.718,63.943,8426.75,120.564,13760.42,520.705,,,,2024,Enero_2024Avance mensual de la producción pecuaria.xls.xlsx
México,35279.51,,35279.51,3928.58,2513.67,1060.42,42.162,13990.84,268.811,21804.48,1363.51,137.507,2.495,19.85,2024,Enero_2024Avance mensual de la producción pecuaria.xls.xlsx
Michoacán,32124.07,361.887,32485.95,9206.67,4689.38,198.246,214.009,7050.76,9.982,21369.05,1685.94,782.274,21.814,16.648,2024,Enero_2024Avance mensual de la producción pecuaria.xls.xlsx
Morelos,1692.41,,1692.41,616.176,472.477,63.638,51.105,6143.43,,7346.82,60.01,1096.94,,,2024,Enero_2024Avance mensual de la producción pecuaria.xls.xlsx
Nayarit,3362.75,,3362.75,1706.05,483.952,22.844,11.644,3562.42,,5786.91,1959.86,149.951,3.071,,2024,Enero_2024Avance mensual de la producción pecuaria.xls.xlsx
Nuevo León,1101.61,369.203,1470.82,6636.44,1713.94,220.407,237.378,6672.12,,15480.29,9603.75,,,,2024,Enero_2024Avance mensual de la producción pecuaria.xls.xlsx
Oaxaca,14381.12,,14381.12,5916.08,2623.61,224.207,322.477,1294.59,62.694,10443.65,580.743,1087.85,25.88,,2024,Enero_2024Avance mensual de la producción pecuaria.xls.xlsx
Querétaro,34244.32,194.439,34438.76,3300.19,2445.42,110.262,18.367,39319.98,7.875,45202.09,1616.58,10.25,0.201,,2024,Enero_2024Avance mensual de la producción pecuaria.xls.xlsx
Quintana Roo,570.794,1.34,572.134,411.344,377.427,51.68,2.424,647.973,14.259,1505.11,42.931,208.609,4.813,,2024,Enero_2024Avance mensual de la producción pecuaria.xls.xlsx
San Luis Potosí,13161.94,408.116,13570.06,12255.47,2765.29,254.473,316.509,9670.8,14.981,25277.53,9486.12,330.815,8.47,,2024,Enero_2024Avance mensual de la producción pecuaria.xls.xlsx
Sinaloa,8429.81,,8429.81,10589.15,2123.43,120.327,98.377,14716.86,,27648.14,6620.44,,,,2024,Enero_2024Avance mensual de la producción pecuaria.xls.xlsx
Tabasco,5911.62,,5911.62,5289.55,1523.52,31.797,,2583.06,132.815,9560.75,121.434,34.152,0.764,,2024,Enero_2024Avance mensual de la producción pecuaria.xls.xlsx
Tamaulipas,1692.24,6.533,1698.78,3793.69,879.666,120.104,109.544,37.841,,4940.84,80.094,22.0,0.627,,2024,Enero_2024Avance mensual de la producción pecuaria.xls.xlsx
Tlaxcala,6655.2,125.244,6780.44,815.551,1176.98,342.798,32.603,92.332,41.154,2501.42,135.677,,,,2024,Enero_2024Avance mensual de la producción pecuaria.xls.xlsx
Veracruz,67004.09,173.318,67177.41,25681.68,17232.26,519.226,59.851,58263.65,142.46,101899.12,1526.44,321.61,9.856,,2024,Enero_2024Avance mensual de la producción pecuaria.xls.xlsx
Zacatecas,16410.76,597.84,17008.6,4326.55,998.158,363.164,400.169,324.771,2.243,6415.06,452.429,56.209,1.21,2.272,2024,Enero_2024Avance mensual de la producción pecuaria.xls.xlsx
Total nacional,1121481.73,13106.92,1134588.64,193494.96,170982.45,6474.44,3333.98,373072.33,1749.28,749107.44,265978.5,10759.92,195.311,78.393,2024,Enero_2024Avance mensual de la producción pecuaria.xls.xlsx
Región Lagunera,251558.58,4670.02,256228.6,9842.69,432.163,19.552,140.506,31996.35,,42431.26,10532.25,,,,2024,Enero_2024Avance mensual de la producción pecuaria.xls.xlsx
Delegación Coahuila,2312.6,830.513,3143.12,1906.96,123.714,58.957,159.343,168.256,,2417.23,1180.19,37.093,0.754,,2024,Enero_2024Avance mensual de la producción pecuaria.xls.xlsx
Delegación Durango,8224.31,,8224.31,3113.24,278.63,29.994,24.315,34.675,,3480.85,170.941,38.821,0.858,,2024,Enero_2024Avance mensual de la producción pecuaria.xls.xlsx
Laguna-Coahuila,131335.18,2657.27,133992.45,2560.18,353.099,6.138,113.223,8100.73,,11133.36,4178.67,,,,2024,Enero_2024Avance mensual de la producción pecuaria.xls.xlsx
Laguna-Durango,120223.4,2012.75,122236.15,7282.52,79.064,13.414,27.283,23895.62,,31297.9,6353.59,,,,2024,Enero_2024Avance mensual de la producción pecuaria.xls.xlsx
Aguascalientes,36459.26,,36459.26,2970.49,1605.37,70.248,14.537,32101.02,,36761.67,731.561,,,,2025,Enero_2025Avance mensual de la producción pecuaria.xls.xlsx
Baja California,18241.08,38.098,18279.18,9608.06,95.926,24.941,16.731,101.355,,9847.01,2673.85,,,,2025,Enero_2025Avance mensual de la producción pecuaria.xls.xlsx
Baja California Sur,2873.78,329.559,3203.33,581.044,89.44,19.059,41.073,62.376,,792.992,79.953,0.265,,,2025,Enero_2025Avance mensual de la producción pecuaria.xls.xlsx
Campeche,3650.96,2.069,3653.03,1842.86,462.086,127.995,2.97,1914.45,55.113,4405.47,384.046,23.98,0.323,,2025,Enero_2025Avance mensual de la producción pecuaria.xls.xlsx
Coahuila,129779.86,3708.04,133487.9,3928.76,478.914,50.848,326.702,8077.35,,12862.57,4973.57,,,,2025,Enero_2025Avance mensual de la producción pecuaria.xls.xlsx
Colima,2879.16,0.193,2879.36,1008.91,694.031,8.762,5.492,1170.96,0.324,2888.48,88.201,107.292,2.83,,2025,Enero_2025Avance mensual de la producción pecuaria.xls.xlsx
Chiapas,38006.03,,38006.03,9355.98,2715.58,162.182,,21548.9,85.016,33867.66,453.848,848.384,11.774,8.381,2025,Enero_2025Avance mensual de la producción pecuaria.xls.xlsx
Chihuahua,100176.65,609.264,100785.91,6162.25,667.92,129.113,51.579,269.283,,7280.15,496.869,,,,2025,Enero_2025Avance mensual de la producción pecuaria.xls.xlsx
Ciudad de México,891.637,,891.637,39.599,134.229,16.666,,3.83,,194.324,5.56,,,,2025,Enero_2025Avance mensual de la producción pecuaria.xls.xlsx
Durango,128393.46,1922.37,130315.82,9489.36,328.629,37.076,76.318,22452.25,,32383.63,6448.69,,,,2025,Enero_2025Avance mensual de la producción pecuaria.xls.xlsx
Guanajuato,76039.9,3663.89,79703.78,5156.1,11267.59,203.903,123.406,19334.03,,36085.03,5899.79,,,,2025,Enero_2025Avance mensual de la producción pecuaria.xls.xlsx
Guerrero,7712.99,,7712.99,3641.08,1788.73,118.709,300.157,965.309,81.271,6895.25,753.28,292.35,6.3,,2025,Enero_2025Avance mensual de la producción pecuaria.xls.xlsx
Hidalgo,31116.76,4.68,31121.44,2580.68,1169.7,544.703,62.483,7460.58,68.347,11886.49,492.346,,,,2025,Enero_2025Avance mensual de la producción pecuaria.xls.xlsx
México,32076.68,,32076.68,3490.65,1883.98,746.066,38.406,9199.92,162.633,15521.66,1316.5,,,,2025,Enero_2025Avance mensual de la producción pecuaria.xls.xlsx
Michoacán,32368.1,348.475,32716.58,8685.67,4481.85,154.131,224.543,6079.48,10.548,19636.22,1714.06,,,,2025,Enero_2025Avance mensual de la producción pecuaria.xls.xlsx
Morelos,1836.77,,1836.77,603.281,434.549,61.175,60.014,6253.93,,7412.95,74.849,,,,2025,Enero_2025Avance mensual de la producción pecuaria.xls.xlsx
Nayarit,3255.77,,3255.77,1590.49,438.358,21.539,11.409,3619.15,,5680.94,2081.93,,,,2025,Enero_2025Avance mensual de la producción pecuaria.xls.xlsx
Nuevo León,1308.17,324.706,1632.87,6479.13,1687.86,134.118,137.061,7115.6,,15553.77,7923.91,,,,2025,Enero_2025Avance mensual de la producción pecuaria.xls.xlsx
Oaxaca,10935.68,,10935.68,4897.55,2098.94,193.069,233.92,983.703,41.952,8449.13,518.221,512.245,11.035,,2025,Enero_2025Avance mensual de la producción pecuaria.xls.xlsx
Querétaro,34614.2,232.692,34846.89,3223.58,2348.33,89.177,12.992,32380.63,5.246,38059.96,1678.79,,,,2025,Enero_2025Avance mensual de la producción pecuaria.xls.xlsx
Quintana Roo,522.047,1.015,523.062,344.216,294.546,36.56,1.951,527.471,8.063,1212.81,40.178,,,,2025,Enero_2025Avance mensual de la producción pecuaria.xls.xlsx
San Luis Potosí,12520.55,400.913,12921.46,10426.06,2196.27,229.94,337.008,8946.14,11.229,22146.64,9472.16,,,,2025,Enero_2025Avance mensual de la producción pecuaria.xls.xlsx
Sinaloa,8219.78,,8219.78,9424.55,1635.69,95.953,82.181,13071.8,,24310.17,6487.54,,,,2025,Enero_2025Avance mensual de la producción pecuaria.xls.xlsx
Tabasco,5948.94,,5948.94,5048.25,983.95,20.419,,1061.62,55.198,7169.44,116.673,,,,2025,Enero_2025Avance mensual de la producción pecuaria.xls.xlsx
Tamaulipas,1730.65,9.287,1739.94,3596.34,895.952,122.241,127.238,35.925,,4777.69,95.089,,,,2025,Enero_2025Avance mensual de la producción pecuaria.xls.xlsx
Tlaxcala,6618.99,140.075,6759.07,683.95,1079.87,269.977,24.821,63.054,26.601,2148.27,135.178,,,,2025,Enero_2025Avance mensual de la producción pecuaria.xls.xlsx
Veracruz,63966.6,203.758,64170.36,22433.48,13229.47,477.298,60.013,42637.17,100.334,78937.76,1479.17,61.964,1.7,,2025,Enero_2025Avance mensual de la producción pecuaria.xls.xlsx
Zacatecas,16256.4,484.579,16740.98,4035.52,875.069,354.943,411.828,255.75,1.911,5935.03,428.104,,,0.23,2025,Enero_2025Avance mensual de la producción pecuaria.xls.xlsx
Total nacional,1080564.23,13480.98,1094045.21,174391.12,148059.16,5440.71,3281.57,319264.52,1335.07,651772.16,260493.01,2095.0,38.162,8.611,2025,Enero_2025Avance mensual de la producción pecuaria.xls.xlsx
Región Lagunera,245988.13,4830.41,250818.54,9761.58,436.528,18.47,203.061,30336.03,,40755.67,10048.84,,,,2025,Enero_2025Avance mensual de la producción pecuaria.xls.xlsx
Delegación Coahuila,2568.23,800.002,3368.24,1507.68,118.859,45.261,171.405,163.99,,2007.2,1233.43,,,,2025,Enero_2025Avance mensual de la producción pecuaria.xls.xlsx
Delegación Durango,9616.96,,9616.96,2148.86,252.156,24.193,28.554,29.573,,2483.34,139.991,,,,2025,Enero_2025Avance mensual de la producción pecuaria.xls.xlsx
Laguna-Coahuila,127211.63,2908.04,130119.67,2421.08,360.055,5.587,155.297,7913.36,,10855.38,3740.14,,,,2025,Enero_2025Avance mensual de la producción pecuaria.xls.xlsx
Laguna-Durango,118776.5,1922.37,120698.87,7340.5,76.473,12.883,47.764,22422.68,,29900.3,6308.7,,,,2025,Enero_2025Avance mensual de la producción pecuaria.xls.xlsx
Aguascalientes,38696.8,9.85,38706.65,2933.48,2273.25,69.916,14.314,29437.17,,34728.12,740.365,,,,2026,Enero_2026Avance mensual de la producción pecuaria.xls.xlsx
Baja California,18594.91,40.227,18635.14,6694.26,98.876,25.671,17.594,99.483,,6935.89,2720.18,,,,2026,Enero_2026Avance mensual de la producción pecuaria.xls.xlsx
Baja California Sur,3003.47,346.186,3349.65,545.165,98.455,19.85,41.492,43.051,,748.013,80.169,,,,2026,Enero_2026Avance mensual de la producción pecuaria.xls.xlsx
Campeche,4065.56,2.23,4067.79,1894.6,1250.26,132.589,3.101,6486.51,56.702,9823.76,407.519,60.172,0.721,,2026,Enero_2026Avance mensual de la producción pecuaria.xls.xlsx
Coahuila,119606.24,3838.22,123444.46,5252.07,499.534,51.328,322.288,8327.32,,14452.54,5536.76,,,,2026,Enero_2026Avance mensual de la producción pecuaria.xls.xlsx
Colima,3226.93,1.428,3228.36,804.868,710.491,9.114,5.518,794.078,0.343,2324.41,354.203,115.41,2.993,,2026,Enero_2026Avance mensual de la producción pecuaria.xls.xlsx
Chiapas,40915.92,,40915.92,9450.06,6440.86,165.498,,21742.06,87.945,37886.42,650.333,869.445,20.039,9.742,2026,Enero_2026Avance mensual de la producción pecuaria.xls.xlsx
Chihuahua,104642.31,645.176,105287.49,6993.73,693.142,135.188,55.842,278.199,0.256,8156.35,1100.32,,,,2026,Enero_2026Avance mensual de la producción pecuaria.xls.xlsx
Ciudad de México,765.607,,765.607,42.13,137.15,16.935,,4.084,,200.299,5.768,,,,2026,Enero_2026Avance mensual de la producción pecuaria.xls.xlsx
Durango,154183.35,2033.71,156217.06,12764.59,360.284,39.171,77.431,22426.88,,35668.36,6871.48,,,,2026,Enero_2026Avance mensual de la producción pecuaria.xls.xlsx
Guanajuato,78199.5,3777.69,81977.19,4718.93,11074.49,211.152,127.336,10246.54,,26378.45,5976.3,,,,2026,Enero_2026Avance mensual de la producción pecuaria.xls.xlsx
Guerrero,8106.1,,8106.1,3675.35,1914.44,120.276,297.939,948.801,84.597,7041.41,704.119,315.141,6.81,,2026,Enero_2026Avance mensual de la producción pecuaria.xls.xlsx
Hidalgo,32292.64,5.326,32297.97,2597.05,1304.15,552.543,61.377,7699.23,68.807,12283.15,515.203,,,,2026,Enero_2026Avance mensual de la producción pecuaria.xls.xlsx
México,34418.75,,34418.75,3560.93,2115.36,793.276,38.233,9034.89,167.246,15709.93,1379.29,0.891,0.017,,2026,Enero_2026Avance mensual de la producción pecuaria.xls.xlsx
Michoacán,32486.58,358.443,32845.03,9239.37,5219.96,157.158,222.769,6465.97,11.481,21316.7,1722.11,,,,2026,Enero_2026Avance mensual de la producción pecuaria.xls.xlsx
Morelos,1828.17,,1828.17,697.416,670.77,62.267,60.768,6374.18,,7865.4,77.258,,,,2026,Enero_2026Avance mensual de la producción pecuaria.xls.xlsx
Nayarit,3360.65,,3360.65,1728.81,618.245,21.986,11.293,3722.68,,6103.01,4902.81,,,,2026,Enero_2026Avance mensual de la producción pecuaria.xls.xlsx
Nuevo León,1363.63,352.104,1715.74,6658.96,1602.98,139.18,142.107,9881.46,,18424.69,7910.19,0.802,0.022,,2026,Enero_2026Avance mensual de la producción pecuaria.xls.xlsx
Oaxaca,12093.37,0.51,12093.88,5104.73,2159.68,202.564,244.669,1267.15,43.78,9022.57,573.461,566.044,13.202,,2026,Enero_2026Avance mensual de la producción pecuaria.xls.xlsx
Querétaro,35783.35,252.874,36036.22,8055.94,2814.36,98.889,13.507,32664.39,5.487,43652.58,1698.42,,,,2026,Enero_2026Avance mensual de la producción pecuaria.xls.xlsx
Quintana Roo,546.572,1.054,547.626,429.854,262.976,38.372,1.986,1124.86,8.425,1866.47,40.9,49.0,1.276,,2026,Enero_2026Avance mensual de la producción pecuaria.xls.xlsx
San Luis Potosí,12817.61,413.367,13230.97,12210.95,2391.59,238.366,345.8,12944.85,12.898,28144.46,9558.39,,,,2026,Enero_2026Avance mensual de la producción pecuaria.xls.xlsx
Sinaloa,9970.71,32.594,10003.3,9505.27,1702.42,100.431,83.261,13589.35,0.399,24981.12,6577.81,6.081,0.183,,2026,Enero_2026Avance mensual de la producción pecuaria.xls.xlsx
Tabasco,7198.24,,7198.24,5277.71,933.232,21.547,,1115.58,56.868,7404.93,126.079,,,,2026,Enero_2026Avance mensual de la producción pecuaria.xls.xlsx
Tamaulipas,1806.32,17.716,1824.03,2497.61,975.523,123.178,126.35,36.212,,3758.87,96.539,,,,2026,Enero_2026Avance mensual de la producción pecuaria.xls.xlsx
Tlaxcala,7014.89,147.764,7162.65,684.655,1183.92,271.295,25.966,65.237,27.165,2258.24,3680.26,2.904,0.061,,2026,Enero_2026Avance mensual de la producción pecuaria.xls.xlsx
Veracruz,66877.94,213.609,67091.54,22565.16,13282.59,483.902,60.931,51337.28,102.777,87832.64,1766.77,65.856,1.971,,2026,Enero_2026Avance mensual de la producción pecuaria.xls.xlsx
Zacatecas,17007.66,508.753,17516.42,3913.01,1130.35,363.057,409.948,841.174,2.07,6659.61,494.289,,,0.303,2026,Enero_2026Avance mensual de la producción pecuaria.xls.xlsx
Total nacional,1131574.17,14100.53,1145674.7,182429.4,167477.92,5756.16,3321.36,334028.95,1370.77,694384.56,276141.03,2357.62,53.407,10.045,2026,Enero_2026Avance mensual de la producción pecuaria.xls.xlsx
Región Lagunera,260892.84,5020.63,265913.47,13014.23,441.836,19.223,202.409,30079.63,,43757.33,11000.12,,,,2026,Enero_2026Avance mensual de la producción pecuaria.xls.xlsx
Delegación Coahuila,2645.25,823.957,3469.21,1615.51,137.579,45.573,168.939,644.958,,2612.56,1264.48,,,,2026,Enero_2026Avance mensual de la producción pecuaria.xls.xlsx
Delegación Durango,10251.49,27.346,10278.84,3386.93,280.403,25.703,28.371,29.62,,3751.02,143.637,,,,2026,Enero_2026Avance mensual de la producción pecuaria.xls.xlsx
Laguna-Coahuila,116960.99,3014.27,119975.25,3636.56,361.955,5.755,153.349,7682.36,,11839.99,4272.28,,,,2026,Enero_2026Avance mensual de la producción pecuaria.xls.xlsx
Laguna-Durango,143931.85,2006.36,145938.22,9377.67,79.881,13.468,49.06,22397.26,,31917.34,6727.84,,,,2026,Enero_2026Avance mensual de la producción pecuaria.xls.xlsx
Aguascalientes,35975.12,,35975.12,3013.19,1603.47,70.11,15.233,32685.05,,37387.06,728.305,,,,2024,Diciembre_2024Avance mensual de la producción pecuaria (2).xls.xlsx
Baja California,17805.52,42.645,17848.16,9676.93,94.862,24.34,16.804,98.801,,9911.74,2714.95,,,,2024,Diciembre_2024Avance mensual de la producción pecuaria (2).xls.xlsx
Baja California Sur,2846.61,338.501,3185.11,516.682,87.883,18.653,42.88,62.452,,728.55,82.589,0.315,,,2024,Diciembre_2024Avance mensual de la producción pecuaria (2).xls.xlsx
Campeche,3574.48,2.0,3576.48,1794.86,447.222,122.213,2.819,1878.56,52.165,4297.84,337.389,15.1,0.337,,2024,Diciembre_2024Avance mensual de la producción pecuaria (2).xls.xlsx
Coahuila,128510.6,3740.4,132251.0,4177.14,472.352,49.074,318.843,8053.97,,13071.38,4838.45,,,,2024,Diciembre_2024Avance mensual de la producción pecuaria (2).xls.xlsx
Colima,2850.52,0.2,2850.72,1011.32,693.746,8.493,5.144,1166.44,0.312,2885.45,72.965,84.262,2.147,,2024,Diciembre_2024Avance mensual de la producción pecuaria (2).xls.xlsx
Chiapas,36949.95,,36949.95,9301.4,2650.07,158.228,,19500.25,82.861,31692.8,434.57,830.784,11.364,8.309,2024,Diciembre_2024Avance mensual de la producción pecuaria (2).xls.xlsx
Chihuahua,98698.23,624.531,99322.76,7904.74,658.872,127.751,52.18,269.034,50.0,9062.58,507.242,,,,2024,Diciembre_2024Avance mensual de la producción pecuaria (2).xls.xlsx
Ciudad de México,915.182,,915.182,42.055,134.119,17.044,,3.782,,197.0,5.38,,,,2024,Diciembre_2024Avance mensual de la producción pecuaria (2).xls.xlsx
Durango,125194.2,1925.82,127120.01,10116.45,328.305,35.969,75.004,21861.67,,32417.4,6093.67,,,,2024,Diciembre_2024Avance mensual de la producción pecuaria (2).xls.xlsx
Guanajuato,74885.81,3683.29,78569.1,5243.13,11847.18,203.68,117.218,18919.23,,36330.44,6012.66,,,,2024,Diciembre_2024Avance mensual de la producción pecuaria (2).xls.xlsx
Guerrero,7536.93,,7536.93,3587.17,1764.59,114.358,288.297,948.479,78.063,6780.96,741.66,279.343,6.261,,2024,Diciembre_2024Avance mensual de la producción pecuaria (2).xls.xlsx
Hidalgo,30421.46,5.004,30426.47,2557.41,1151.67,545.968,63.059,6789.62,64.272,11171.99,465.69,,,,2024,Diciembre_2024Avance mensual de la producción pecuaria (2).xls.xlsx
México,31440.42,,31440.42,3456.89,1857.44,757.114,40.004,8454.45,161.757,14727.65,1231.94,,,,2024,Diciembre_2024Avance mensual de la producción pecuaria (2).xls.xlsx
Michoacán,31933.0,348.017,32281.01,8536.61,4405.74,154.46,218.376,6062.92,10.955,19389.06,1708.43,,,,2024,Diciembre_2024Avance mensual de la producción pecuaria (2).xls.xlsx
Morelos,1827.14,,1827.14,594.402,432.663,61.453,58.222,5886.31,,7033.05,73.27,,,,2024,Diciembre_2024Avance mensual de la producción pecuaria (2).xls.xlsx
Nayarit,3243.19,,3243.19,1565.03,428.147,21.931,11.577,3356.3,,5382.98,2062.77,,,,2024,Diciembre_2024Avance mensual de la producción pecuaria (2).xls.xlsx
Nuevo León,1421.13,327.905,1749.04,6694.14,1691.35,130.881,149.201,6421.08,,15086.66,7624.33,,,,2024,Diciembre_2024Avance mensual de la producción pecuaria (2).xls.xlsx
Oaxaca,10382.47,,10382.47,4773.16,2062.34,185.87,226.067,953.796,39.854,8241.09,466.407,481.086,11.363,,2024,Diciembre_2024Avance mensual de la producción pecuaria (2).xls.xlsx
Querétaro,34405.4,236.738,34642.14,3129.9,2346.26,92.283,12.337,31561.1,5.358,37147.24,1677.69,,,,2024,Diciembre_2024Avance mensual de la producción pecuaria (2).xls.xlsx
Quintana Roo,508.626,1.053,509.679,337.238,293.957,37.657,2.023,514.614,8.292,1193.78,36.282,,,,2024,Diciembre_2024Avance mensual de la producción pecuaria (2).xls.xlsx
San Luis Potosí,12284.87,406.688,12691.56,10358.02,2176.45,225.692,347.994,8713.49,11.29,21832.93,9354.84,,,,2024,Diciembre_2024Avance mensual de la producción pecuaria (2).xls.xlsx
Sinaloa,8068.35,,8068.35,9311.37,1613.95,98.233,90.749,12945.79,,24060.09,5976.45,,,,2024,Diciembre_2024Avance mensual de la producción pecuaria (2).xls.xlsx
Tabasco,5672.69,,5672.69,4795.73,977.158,21.223,,1035.69,53.906,6883.71,88.701,,,,2024,Diciembre_2024Avance mensual de la producción pecuaria (2).xls.xlsx
Tamaulipas,1699.3,9.736,1709.04,3883.13,888.376,122.594,129.782,36.483,,5060.36,105.389,,,,2024,Diciembre_2024Avance mensual de la producción pecuaria (2).xls.xlsx
Tlaxcala,6500.77,146.109,6646.88,679.875,1070.06,261.491,23.656,61.812,27.143,2124.04,136.1,,,,2024,Diciembre_2024Avance mensual de la producción pecuaria (2).xls.xlsx
Veracruz,62552.33,209.941,62762.27,22261.85,12869.83,465.498,61.569,40855.38,103.339,76617.47,1433.28,54.578,1.642,,2024,Diciembre_2024Avance mensual de la producción pecuaria (2).xls.xlsx
Zacatecas,15898.44,492.451,16390.89,4083.5,867.982,345.708,427.325,254.432,2.098,5981.04,403.17,,,0.226,2024,Diciembre_2024Avance mensual de la producción pecuaria (2).xls.xlsx
Total nacional,1061506.09,13595.72,1075101.81,177482.45,143918.31,5379.17,3290.03,309286.98,1359.25,640716.19,251492.36,1937.9,37.287,8.535,2024,Diciembre_2024Avance mensual de la producción pecuaria (2).xls.xlsx
Región Lagunera,241595.33,4858.98,246454.3,9682.41,433.404,17.91,204.475,29726.89,,40065.09,9545.37,,,,2024,Diciembre_2024Avance mensual de la producción pecuaria (2).xls.xlsx
Delegación Coahuila,2562.05,807.239,3369.29,1769.92,116.403,43.677,162.34,159.407,,2251.74,1242.09,,,,2024,Diciembre_2024Avance mensual de la producción pecuaria (2).xls.xlsx
Delegación Durango,9547.42,,9547.42,2841.26,250.85,23.456,27.032,29.352,,3171.95,144.65,,,,2024,Diciembre_2024Avance mensual de la producción pecuaria (2).xls.xlsx
Laguna-Coahuila,125948.55,2933.16,128881.71,2407.23,355.949,5.397,156.503,7894.57,,10819.64,3596.36,,,,2024,Diciembre_2024Avance mensual de la producción pecuaria (2).xls.xlsx
Laguna-Durango,115646.78,1925.82,117572.59,7275.19,77.455,12.513,47.972,21832.32,,29245.45,5949.02,,,,2024,Diciembre_2024Avance mensual de la producción pecuaria (2).xls.xlsx
Jalisco,241043.32,900.55,241943.87,22700.52,44167.33,492.92,199.951,39667.34,,107228.05,142072.73,1589.48,34.198,,2025,Diciembre_2025Avance mensual de la producción pecuaria (1).xls.xlsx
Jalisco,250438.56,866.512,251305.07,23605.91,38750.0,442.98,167.992,42663.86,,105630.74,142002.41,1595.09,33.821,,2024,Enero_2024Avance mensual de la producción pecuaria.xls.xlsx
Jalisco,224410.51,850.228,225260.73,21291.33,34352.68,429.757,168.232,35168.27,,91410.27,140436.04,,,,2025,Enero_2025Avance mensual de la producción pecuaria.xls.xlsx
Jalisco,231540.04,880.504,232420.55,19966.61,40872.77,588.867,172.202,33755.87,,95356.31,140549.06,,,,2026,Enero_2026Avance mensual de la producción pecuaria.xls.xlsx
Jalisco,220443.34,842.271,221285.61,21178.24,32824.08,418.242,160.435,35129.26,,89710.25,136152.25,4.274,0.115,,2024,Diciembre_2024Avance mensual de la producción pecuaria (2).xls.xlsx
Jalisco,235303.08162202127,881.2586527853285,235495.60939147664,20663.890764020718,41485.71412509755,561.8220347635164,176.96188646656933,33953.018626152945,,94760.09392817205,138706.65352627102,,,,2026,Enero_2026Avance mensual de la producción pecuaria.xls.xlsx
Jalisco,216292.63607281438,876.5991421560204,224240.43034988482,21512.036366023083,33487.01769364571,433.10885455779317,157.8809315980493,34863.05752605594,,93335.96775227078,135642.15173046393,4.4575152977531305,0.11784750787202689,,2024,Diciembre_2024Avance mensual de la producción pecuaria (2).xls.xlsx
Jalisco,224860.85748672034,828.912123340479,226066.59314501996,21436.768101545465,35368.807091948416,438.5093390673581,175.4787166400939,36597.34807306956,,90023.1691269576,143911.42385665898,,,,2025,Enero_2025Avance mensual de la producción pecuaria.xls.xlsx
Jalisco,221473.03699907658,834.7228134968143,212219.31218432492,20317.714671500762,34104.23665402472,417.1618410625141,166.18519498419334,33763.42552672782,,89835.7500569899,129844.08756107614,4.3046072634794355,0.1119204459941884,,2024,Diciembre_2024Avance mensual de la producción pecuaria (2).xls.xlsx
Jalisco,213496.16635899286,863.7953313011792,228705.37172709868,20898.085352898543,32292.31400681074,401.4217355018996,159.2958156781911,35103.35253711607,,92254.90826862611,132781.62329555632,4.179963064630405,0.11959510759265754,,2024,Diciembre_2024Avance mensual de la producción pecuaria (2).xls.xlsx
Jalisco,262198.76979754923,843.0120355976476,246801.18216823266,23051.648822328174,38267.883941479784,442.60860003592546,172.20643324204292,40579.10603108469,,104537.91375382547,145032.02553681083,1638.0765482805127,33.428308499806334,,2024,Enero_2024Avance mensual de la producción pecuaria.xls.xlsx
Jalisco,230584.77972082078,814.2616474773914,218199.22308111837,20746.24990137664,32957.899150513265,428.61693077953436,172.51422567930143,35058.05489960227,,92526.2678231239,145986.1683265713,,,,2025,Enero_2025Avance mensual de la producción pecuaria.xls.xlsx
Jalisco,234273.328162088,832.3520798307966,214916.19731524796,22298.432381471743,34621.59326339965,415.7126216006919,161.55527347020066,33607.86538010633,,94722.64644547414,140600.03337280534,,,,2025,Enero_2025Avance mensual de la producción pecuaria.xls.xlsx
Jalisco,233270.85070714174,821.4240852619397,227308.1910734432,21063.720837812914,32758.517343021183,426.91422832215636,175.0042280596517,33827.718556015294,,95519.35015791135,140887.02907012592,,,,2025,Enero_2025Avance mensual de la producción pecuaria.xls.xlsx
Jalisco,222601.47983150446,878.4631871336231,225214.853812453,22008.52560367142,32711.158659502133,413.9970417123826,160.5192664373672,33785.65800798571,,86544.13737425143,130803.80854809358,4.277252675849736,0.1105943274681462,,2024,Diciembre_2024Avance mensual de la producción pecuaria (2).xls.xlsx
Jalisco,241308.1177252222,907.6341226687987,221185.05773227182,20228.44938012232,41047.07043461368,595.6890299689715,177.82366285786853,34259.542356089056,,99424.09218270633,139809.94575894118,,,,2026,Enero_2026Avance mensual de la producción pecuaria.xls.xlsx
Jalisco,215175.84925166474,861.5703609090344,225533.13911404286,21919.02247514354,33619.39199411623,435.5627442115926,165.20465844805818,36033.56727461238,,91338.20482217998,140894.10397365683,,,,2025,Enero_2025Avance mensual de la producción pecuaria.xls.xlsx
Jalisco,213741.48467744366,873.5580482757998,215233.35507770983,21183.82489906841,33122.2318211578,399.22470396550796,166.7805769163788,35422.12830249771,,87541.45436353965,132645.92796285017,4.321279006139554,0.11310141456855649,,2024,Diciembre_2024Avance mensual de la producción pecuaria (2).xls.xlsx
Jalisco,239049.2977107459,892.8255498698005,254953.3358255942,23787.44861791402,36930.688468513814,437.42558960272345,166.13067684139094,44635.66649039611,,105199.08796919072,138725.60826709986,1561.3746709167997,32.60098207695484,,2024,Enero_2024Avance mensual de la producción pecuaria.xls.xlsx
Jalisco,227495.73777981396,852.9063683129391,224852.15663308758,19951.67037105807,38981.78389286632,596.2784750986896,163.77852652602104,33333.48475492268,,99933.72350590205,138824.30044772415,,,,2026,Enero_2026Avance mensual de la producción pecuaria.xls.xlsx
Jalisco,247650.61007345366,900.5277082899547,256103.4321639482,22886.503339809173,40000.07717255618,443.11892998258077,174.8020928982625,41749.62504494372,,105552.76438058565,135187.3053456024,1539.9577423506726,34.22709806782582,,2024,Enero_2024Avance mensual de la producción pecuaria.xls.xlsx
Jalisco,226245.8545670889,883.9681001375698,229788.04668916113,20410.771462910157,40301.3304242555,609.8595103311044,165.16387483159255,35000.10842532768,,93723.34854635748,138048.39939683,,,,2026,Enero_2026Avance mensual de la producción pecuaria.xls.xlsx
Jalisco,227690.1394500732,868.165792693019,230949.81619629014,20713.954447713946,31599.94044321265,424.8792341875571,157.5361583446818,34158.27263462679,,90906.9923990967,132223.54969105954,4.287928723472548,0.11952976470508603,,2024,Diciembre_2024Avance mensual de la producción pecuaria (2).xls.xlsx
Jalisco,237590.45462872673,936.2200020146101,233173.91144327354,21620.692508229655,44265.57254071163,476.30536377969787,208.95003403737755,41504.82059676541,,104441.68214176291,139621.9377891688,1518.243247530851,35.18494474294565,,2025,Diciembre_2025Avance mensual de la producción pecuaria (1).xls.xlsx
Jalisco,226467.79676103964,864.4791331726626,228726.6053897594,20257.0688598183,41976.30843972823,563.5792106575449,179.9615451916941,32109.104986754774,,91311.89920327615,135204.85250507918,,,,2026,Enero_2026Avance mensual de la producción pecuaria.xls.xlsx
Jalisco,251507.83455837923,832.7225313226326,241591.46361985127,22843.700375812165,37648.806481550266,449.2888891859834,169.2256977701607,44668.5444479619,,101710.56903964162,147547.9915035812,1536.7758507038586,33.18422520549132,,2024,Enero_2024Avance mensual de la producción pecuaria.xls.xlsx
Jalisco,212527.7536840348,819.3557677289364,230683.46863838786,22111.053760948627,33227.45668095209,398.4387143543549,162.55013031344618,33524.41457684889,,86373.43992243614,137426.5323134404,4.087386462380061,0.11210762510786636,,2024,Diciembre_2024Avance mensual de la producción pecuaria (2).xls.xlsx
Jalisco,238537.11010116697,874.0858116316573,241190.6920049452,20872.951486486563,39177.970230677325,593.9180409217761,171.31422157757106,35076.20760973873,,92036.98253323932,143066.3262599578,,,,2026,Enero_2026Avance mensual de la producción pecuaria.xls.xlsx
Jalisco,230788.1474660709,929.1888197451501,236087.4160643504,23642.28373874871,42187.22786338219,514.619829060319,195.81622870117997,39777.22293125033,,103355.26420102097,146181.0647306426,1561.2434989510423,32.60277422030941,,2025,Diciembre_2025Avance mensual de la producción pecuaria (1).xls.xlsx
Jalisco,252779.40436628181,933.0355926751499,245814.58592357673,22405.773497832273,44305.81503594988,496.6402731758578,196.52513045112602,41622.8002175695,,108738.62241794963,142050.59789490543,1638.7339234197025,34.437008744322924,,2025,Diciembre_2025Avance mensual de la producción pecuaria (1).xls.xlsx
Jalisco,230519.96875226952,808.3076896037272,232406.50043895326,20259.672692319957,34492.27253294331,424.9510242976736,171.13431249027522,33669.38625136869,,88502.32726225487,134634.91210546572,,,,2025,Enero_2025Avance mensual de la producción pecuaria.xls.xlsx
Jalisco,217649.37324380814,851.1417657575918,226504.18751174875,22203.277186118095,34824.78854285994,435.914911489313,172.47774718363598,35357.666201448235,,89999.51046988009,140957.14957910913,,,,2025,Enero_2025Avance mensual de la producción pecuaria.xls.xlsx
Jalisco,238054.9271060586,859.3555643160455,252050.20406692967,23436.382146860517,39626.103918175315,441.13068654299326,172.89029467135927,44666.085767729826,,109822.04533617955,143235.57480460595,1636.5986857031442,33.28690468233207,,2024,Enero_2024Avance mensual de la producción pecuaria.xls.xlsx
Jalisco,238844.235176289,856.035481555072,226420.66674698427,20898.361477646555,42817.70925978939,591.5532221874106,177.18928234255077,33833.83878250878,,95108.0178097015,143998.68873835017,,,,2026,Enero_2026Avance mensual de la producción pecuaria.xls.xlsx
Jalisco,236329.6157668771,847.0329935398777,222963.4221499969,20892.30192707501,40939.39403870346,614.8634057549806,165.16248733571905,34192.6663607071,,96954.078765731,139588.5413462608,,,,2026,Enero_2026Avance mensual de la producción pecuaria.xls.xlsx
Jalisco,229549.67153737336,836.4215871952163,234208.44116040698,22042.93408094759,33744.488036887924,424.86218113133475,168.13813167007245,35856.68427463571,,88414.93709529063,135205.92525066098,,,,2025,Enero_2025Avance mensual de la producción pecuaria.xls.xlsx
Jalisco,237821.03469224778,919.5023765933789,241727.08850758325,19556.194119288553,42079.27774459564,616.0249903747297,164.5830733592386,33602.419409196256,,92422.09162871154,137510.0506810659,,,,2026,Enero_2026Avance mensual de la producción pecuaria.xls.xlsx
Jalisco,221677.46816242975,864.9369474456003,235514.10139052544,19737.18911588805,39936.09793144169,612.7367616476741,173.05489725939117,34186.45339687672,,90978.20254419773,138624.69454614696,,,,2026,Enero_2026Avance mensual de la producción pecuaria.xls.xlsx
Jalisco,237631.73093145303,902.2421894410987,238049.2944691614,23497.618503450183,43897.783059887464,477.924936616034,198.7818965280108,40001.79244779196,,103678.10523898552,144145.81608300496,1642.031293629044,35.21469069189292,,2025,Diciembre_2025Avance mensual de la producción pecuaria (1).xls.xlsx
Jalisco,215790.2079741255,867.4892403383529,221864.01387002374,20901.5325996044,32904.56469622088,411.25000045802085,174.7544250073794,36579.073322560995,,89386.35831103029,141430.02248256156,,,,2025,Enero_2025Avance mensual de la producción pecuaria.xls.xlsx
Jalisco,228447.71319654587,830.784916882561,226285.6840231765,20478.28380675773,31266.087482992847,401.5448592852097,158.04315500387926,33532.446771107396,,86812.7029797088,134192.9745448625,4.113424633317721,0.11188639104517538,,2024,Diciembre_2024Avance mensual de la producción pecuaria (2).xls.xlsx
Jalisco,227177.4495523417,890.3402336627678,234206.06470474074,21412.267442341737,35942.00129419381,409.0522457126533,161.78984183076489,34397.95543116407,,87650.58875604166,147268.4674940101,,,,2025,Enero_2025Avance mensual de la producción pecuaria.xls.xlsx
Jalisco,216715.5995797921,881.2215945558187,229851.2755516225,22101.939048432287,33926.90383541024,401.2799012792481,154.7073370510147,36711.52221311113,,86306.96491554026,137592.3979648784,4.461346711245311,0.11753042017027987,,2024,Diciembre_2024Avance mensual de la producción pecuaria (2).xls.xlsx
Jalisco,230523.1855766666,878.1967546505531,248715.2872683156,23145.517832001617,45032.89574320284,501.9407698752391,205.179931232254,41215.41262052875,,106807.48837775514,138339.43929310743,1538.8126334008994,34.68069667494114,,2025,Diciembre_2025Avance mensual de la producción pecuaria (1).xls.xlsx
Jalisco,245704.82848359272,866.2735797337822,254874.39727790188,23771.295767562427,38397.192659605294,423.9845147494912,169.97796888926254,42474.67459089043,,102528.72133621555,136347.62514078565,1525.9422531114071,34.47695303403218,,2024,Enero_2024Avance mensual de la producción pecuaria.xls.xlsx
Jalisco,227492.3339389406,862.9712555306905,222755.10819411298,19162.308015228835,39537.4333886562,578.2070722484196,165.33325270736967,34161.3880354151,,94062.03747937571,135670.0278324767,,,,2026,Enero_2026Avance mensual de la producción pecuaria.xls.xlsx
Jalisco,246577.82355191192,881.1738107211628,233757.18415911743,22961.592384982905,42649.90414878779,509.9195938283064,191.63517399894997,38784.27036949148,,107264.69272900882,138463.48209361857,1601.3173523937205,33.34920242165,,2025,Diciembre_2025Avance mensual de la producción pecuaria (1).xls.xlsx
Jalisco,234725.04624198852,839.7267104693456,241683.76837022675,20945.08141040303,39851.94354208149,560.7940574980948,175.66272863755236,32703.095841188457,,97171.84483011786,135779.96859711397,,,,2026,Enero_2026Avance mensual de la producción pecuaria.xls.xlsx
Jalisco,260135.86016644657,876.0058810165588,253979.68622877874,22756.295565611203,38940.75332573622,456.91032484172473,160.81476029651336,42508.98338305827,,100764.46004223988,137551.58620418134,1537.6304520232827,32.7441316379941,,2024,Enero_2024Avance mensual de la producción pecuaria.xls.xlsx
Jalisco,249742.71458680663,866.7441405776087,238970.94307003106,23649.178812402966,39581.55920046274,433.3166028129121,173.39899150803058,42038.20399871916,,108793.43420004575,138950.7096033883,1642.187793647459,35.20242064348646,,2024,Enero_2024Avance mensual de la producción pecuaria.xls.xlsx
Jalisco,231873.89340938648,860.1584189438177,232301.71827758785,23557.1764966762,44874.87904026264,474.09858068312667,204.07483395621685,39999.18154318665,,108599.50093593505,137432.2594993441,1542.054259266949,34.48318325974118,,2025,Diciembre_2025Avance mensual de la producción pecuaria (1).xls.xlsx
Jalisco,255779.0317439633,847.3314505018594,255413.9523530824,24174.26623215302,37897.24385066553,451.6950629513012,160.9589944357594,40862.31296686249,,101212.82970464429,147636.5746501626,1541.4400957905655,33.485669576636305,,2024,Enero_2024Avance mensual de la producción pecuaria.xls.xlsx
Jalisco,226192.17271391713,876.658051603902,210333.33506689765,21595.484664657564,34317.13343617112,423.6349314122913,153.77434386592577,36795.77385411548,,93061.63317632751,130437.03799977602,4.130507202035706,0.11456306674190753,,2024,Diciembre_2024Avance mensual de la producción pecuaria (2).xls.xlsx
Jalisco,251973.177312014,843.9447253005619,242781.00436180382,24083.892106303214,39671.8505521961,459.70125525522144,176.16715560715693,44738.22271329736,,110076.44631137518,142350.4776391425,1645.2674990493874,35.333756982901114,,2024,Enero_2024Avance mensual de la producción pecuaria.xls.xlsx
Jalisco,237814.01516853666,849.236851445581,233553.2234128166,19686.061461485588,41094.93006868663,602.7095580351662,170.03691795707954,34424.78210574277,,91170.91138740879,139289.69582603796,,,,2026,Enero_2026Avance mensual de la producción pecuaria.xls.xlsx
Jalisco,231396.3832134035,879.5753113235436,236880.58873900943,19554.482885360987,41329.4036365065,606.7379905032935,169.97443190092127,33877.716424978455,,93228.69758487956,147328.8461170605,,,,2026,Enero_2026Avance mensual de la producción pecuaria.xls.xlsx
Jalisco,232066.39602244203,923.2657167446201,235952.44195122868,20584.299354058887,40544.15318435967,576.0317352646347,177.58847110808765,33112.91389767712,,98276.13241583439,135096.30323831516,,,,2026,Enero_2026Avance mensual de la producción pecuaria.xls.xlsx
Jalisco,229862.32444923796,857.7918634786962,226012.00212529433,20585.801320733528,39841.67667557532,569.8724791826934,179.90370995226553,34815.112389187525,,97723.62279967281,139113.43004616158,,,,2026,Enero_2026Avance mensual de la producción pecuaria.xls.xlsx
Jalisco,209981.52071993516,856.7694779649096,225980.83084252145,21955.634566024593,32351.32356818633,428.7237614955776,168.23215806744224,35778.20693907501,,86880.08017767154,142544.19557989165,4.228031038912434,0.10945826711393968,,2024,Diciembre_2024Avance mensual de la producción pecuaria (2).xls.xlsx
Jalisco,215611.1815156195,872.4716322301705,219341.9837641363,22171.174097386218,35238.45049220272,442.94343770432823,172.49463188624821,33981.75214294547,,88753.4243170526,145569.07733523322,,,,2025,Enero_2025Avance mensual de la producción pecuaria.xls.xlsx
Jalisco,229748.73352628268,876.9229490242354,237719.5227269485,22726.26783521907,42022.53569621617,517.0979794594973,197.4767980386492,41297.378834256,,105839.14761617195,146577.4594726518,1579.805615447419,35.67575810243746,,2025,Diciembre_2025Avance mensual de la producción pecuaria (1).xls.xlsx
Jalisco,234698.48720804323,900.5985407818138,238149.51679478036,19969.637526466442,39303.55253387318,583.72134335498,165.02979904169442,34844.62252422729,,95208.72689780004,137146.40699125087,,,,2026,Enero_2026Avance mensual de la producción pecuaria.xls.xlsx
Jalisco,245789.31792281425,855.0552497898825,255065.42061693632,24310.062914812355,36990.76023783429,437.31065716444874,172.6478464700482,44582.88005286988,,106879.8739025276,137328.9344248475,1589.137089932373,34.486092751434036,,2024,Enero_2024Avance mensual de la producción pecuaria.xls.xlsx
Puebla,39863.66,167.458,40031.11,3587.11,19261.09,475.069,329.752,19626.23,269.409,43548.66,41042.9,319.256,8.166,29.768,2025,Diciembre_2025Avance mensual de la producción pecuaria (1).xls.xlsx
Puebla,38651.68,168.109,38819.79,3536.68,18810.28,398.238,285.706,21572.82,227.756,44831.48,40384.36,358.129,7.384,28.677,2024,Enero_2024Avance mensual de la producción pecuaria.xls.xlsx
Puebla,38395.04,152.542,38547.58,3561.3,15127.18,355.927,304.659,16485.42,205.188,36039.67,38501.56,,,,2025,Enero_2025Avance mensual de la producción pecuaria.xls.xlsx
Puebla,39029.78,164.889,39194.67,3595.98,16275.98,366.484,313.113,16726.92,213.854,37492.33,40477.25,26.42,0.484,,2026,Enero_2026Avance mensual de la producción pecuaria.xls.xlsx
Puebla,37136.52,154.128,37290.65,3471.25,14658.27,348.891,309.039,16085.13,207.235,35079.81,37056.18,,,,2024,Diciembre_2024Avance mensual de la producción pecuaria (2).xls.xlsx
Puebla,37471.34531035318,150.34040275149962,40183.524629297244,3721.5446764401936,15658.457020606027,360.2307097492425,313.69327545315105,16982.83141752004,209.97119948433465,36065.74401176428,39648.18900703497,,,,2025,Enero_2025Avance mensual de la producción pecuaria.xls.xlsx
Puebla,38186.670945891055,171.79135880746185,40648.42821550881,3637.9510685583195,18801.15048141604,380.14772160614274,285.1780824961245,21226.46879026913,219.3647329693844,42776.28327990605,40124.21733953988,346.7100335399506,7.091674565105269,27.34684712323086,2024,Enero_2024Avance mensual de la producción pecuaria.xls.xlsx
Puebla,40223.60868881299,164.06064082548255,41809.55806950137,3439.8272100504328,19223.697631868054,492.7195618962004,317.13266099267275,20244.113009216522,275.2235187910037,42017.24176220097,42347.38379510498,325.0382961585444,8.34919507806733,29.181952489978055,2025,Diciembre_2025Avance mensual de la producción pecuaria (1).xls.xlsx
Puebla,37504.519421193996,153.55494966401693,38448.182045374095,3531.9480416802867,15266.966919194578,372.77975083324037,293.23994782666364,15793.221689088683,213.58085648503416,37793.468904349626,37039.305615789475,,,,2025,Enero_2025Avance mensual de la producción pecuaria.xls.xlsx
Puebla,39131.53638585342,167.70638570632886,40225.23196824484,3670.7620135988955,19421.013987972252,416.9104979333263,291.0077115953041,22424.55086541957,220.46059061438507,46916.675953689875,40564.02637481262,359.03017374293006,7.217240236187761,28.275913175706076,2024,Enero_2024Avance mensual de la producción pecuaria.xls.xlsx
Puebla,38301.54081687671,170.86045959379496,40157.32352957578,3693.9674848597583,18524.004858721844,408.1800846169639,283.7147976008146,21675.49017641368,221.77839175113627,42612.05266564614,38388.39798186739,365.6155528664393,7.073443262061468,27.49448310489466,2024,Enero_2024Avance mensual de la producción pecuaria.xls.xlsx
Puebla,39232.91900182729,172.09184188875201,38485.64027456132,3584.2576486424305,16565.718733872825,352.92725256280346,303.73603987513224,17257.661441434102,223.9349726441181,39186.27765569773,39767.221678333066,25.381368830816314,0.4639458592804672,,2026,Enero_2026Avance mensual de la producción pecuaria.xls.xlsx
Puebla,39609.03696744304,171.35260582546343,41347.79515264279,3627.791912835162,19387.69692743997,487.3382838226805,329.47482849770824,19532.64876851616,260.81423198525107,44154.50868711484,40494.81941295733,321.4049829989845,8.487896268250719,29.928158510152606,2025,Diciembre_2025Avance mensual de la producción pecuaria (1).xls.xlsx
Puebla,37857.255630877116,163.31689121045136,37022.46336080521,3418.920561646492,18372.053652980245,379.305244443672,273.25518785759886,21882.557577448948,235.8273331325482,46480.91216624085,39965.06006001172,349.4108073164186,7.15647483257232,28.119302065674013,2024,Enero_2024Avance mensual de la producción pecuaria.xls.xlsx
Puebla,40116.87826589443,145.39057377885183,38918.67708423772,3736.219882826162,15699.940395699205,338.9180869325061,307.15633253358385,16528.94589546494,205.02955088088592,35876.55393328919,39254.139238640215,,,,2025,Enero_2025Avance mensual de la producción pecuaria.xls.xlsx
Puebla,40058.62761527807,160.9689956000554,38136.44854745752,3499.4896804740833,16760.06999791539,360.01959675548005,305.8798831842887,17114.297940323966,208.4484354185417,37550.80314501827,40026.16384046451,26.37652759863404,0.4707701698677862,,2026,Enero_2026Avance mensual de la producción pecuaria.xls.xlsx
Puebla,38429.01940002741,169.05015601192034,38512.19712669077,3745.922757431785,19566.28550480211,474.52947318223545,339.5640708553314,18805.12738022282,279.3973360151926,43500.088351577135,40832.32374839343,329.02499574710174,8.04758998334236,30.067449211547885,2025,Diciembre_2025Avance mensual de la producción pecuaria (1).xls.xlsx
Puebla,38504.88183562923,147.21421577807004,35713.08099083343,3523.196093031476,15172.162164213025,358.32527144063795,303.17844494237823,15377.950611675911,206.10153345204776,35665.16664505084,36083.61880716226,,,,2024,Diciembre_2024Avance mensual de la producción pecuaria (2).xls.xlsx
Puebla,38346.7820354038,152.4865700080571,39304.22572912647,3599.6683047602082,15682.792549087511,362.45097735094237,303.29474153991123,16068.509059601553,205.49203432181253,34740.985013650345,38013.559625052454,,,,2025,Enero_2025Avance mensual de la producción pecuaria.xls.xlsx
Puebla,40176.69064171978,169.73701544885694,38198.18797197339,3541.167520314186,19202.216593364326,396.08364019820635,271.7527057974984,20838.361866603937,224.5499555281013,42724.28203949052,39282.95584444609,362.8975368990112,7.064725116956492,28.66829217992905,2024,Enero_2024Avance mensual de la producción pecuaria.xls.xlsx
Puebla,39810.67093991938,165.32249062413484,39692.32988697245,3441.426530970596,19444.211507025262,389.22295363266784,273.49055105242326,22374.86199610516,229.87301141194135,43970.40150178466,38660.73905359973,374.29506275411285,7.605783245376032,30.088361539108817,2024,Enero_2024Avance mensual de la producción pecuaria.xls.xlsx
Puebla,38107.89695126364,156.6745489383795,36872.13387754545,3446.101928038122,15425.898634553434,373.62100319676335,301.38371944013045,16022.532465147204,198.28391363679754,36777.3327144377,38899.853222498874,,,,2025,Enero_2025Avance mensual de la producción pecuaria.xls.xlsx
Puebla,36805.94365150105,161.49556257360652,38102.75097036133,3437.8249165894304,19149.12983562273,395.29825894398493,285.13284047116906,22599.39555080401,225.27531664616583,43494.8449001781,41063.67662134533,369.5600787037657,7.41354479774397,27.84109560202253,2024,Enero_2024Avance mensual de la producción pecuaria.xls.xlsx
Puebla,38126.93282277754,157.88348936926357,39349.45481725249,3483.2238261905495,16469.03164196028,364.7024122224436,316.244773388328,16454.096895729195,223.89257027806906,38142.568602292085,40960.91406080176,27.435073476166497,0.5023958278379745,,2026,Enero_2026Avance mensual de la producción pecuaria.xls.xlsx
Puebla,40029.62921776078,171.27920327363432,41194.90709912167,3687.400026097604,19747.84979390173,459.0888105109705,322.882031865455,19002.347310042704,262.8928969970578,45595.06399258299,40893.06896903025,310.5747835673328,8.289206459563939,28.625999493225486,2025,Diciembre_2025Avance mensual de la producción pecuaria (1).xls.xlsx
Puebla,39550.74255546061,164.8146567637924,38484.27641640965,3542.085342945838,15720.326352164795,377.2882982664069,319.218136331074,17211.496375309165,217.2058762658814,35969.769162361314,39990.65589707597,25.659222467037534,0.4855951568690846,,2026,Enero_2026Avance mensual de la producción pecuaria.xls.xlsx
Puebla,37715.87522933048,171.27621384610703,39308.497679609565,3380.3031037348233,19526.70856243444,405.95116222307684,295.9949129611339,21915.19742734808,223.77459882675595,45605.28084111674,41851.65969044225,362.1035510556217,7.254288043300393,28.33466341870279,2024,Enero_2024Avance mensual de la producción pecuaria.xls.xlsx
Puebla,35797.213963192684,153.12350680443183,38729.98611172638,3634.0872504876293,15203.32828274421,339.1489030975483,317.6874869756612,16082.227786459187,212.9023203201663,34882.48683806627,37126.88980647291,,,,2024,Diciembre_2024Avance mensual de la producción pecuaria (2).xls.xlsx
Puebla,41198.81450834868,163.21129916821542,40494.92320310765,3724.7782185811157,18354.36895507841,455.22921809596727,314.5708386896272,19734.887778431865,259.464404206047,45151.870186751956,40957.456388536935,330.1062760108017,8.304403047614842,30.863631155111857,2025,Diciembre_2025Avance mensual de la producción pecuaria (1).xls.xlsx
Puebla,41794.66438348251,172.8016235913086,38962.11713594049,3740.5494492572384,19888.648575613544,483.6439622937332,329.10921268721637,20056.440451678045,282.06640179335653,42142.69059497158,39095.9974742687,332.0269782283556,8.569514202373206,30.678678731070136,2025,Diciembre_2025Avance mensual de la producción pecuaria (1).xls.xlsx
Puebla,38493.6775577119,157.10934970096864,36714.260107911316,3737.551522879075,14565.764768184696,361.42647129654415,292.62284232267024,16037.76623618378,204.23981684174262,36733.88757516667,37890.33937102181,,,,2025,Enero_2025Avance mensual de la producción pecuaria.xls.xlsx
Puebla,37134.45130473171,155.5119389057076,39974.2215949606,3445.1643151045364,14877.761322977181,347.8566943665892,296.80016924876617,17303.647306644012,199.77207224731342,37258.226346087235,38040.294442842074,,,,2025,Enero_2025Avance mensual de la producción pecuaria.xls.xlsx
Puebla,36290.9486477433,150.61611857109796,35505.4325155728,3435.2330108115857,15015.210976795157,364.6212239097108,324.07877211606854,16848.840973624207,198.39635984329354,36639.508234244706,36681.255875701616,,,,2024,Diciembre_2024Avance mensual de la producción pecuaria (2).xls.xlsx
Puebla,37943.78896770582,168.96898470125635,41531.08238764052,3679.7429818582905,18607.67658261771,458.49184215904603,317.96321902628597,19921.262649515284,260.51198074517293,44346.68060796562,41371.950653296044,312.06654756849554,8.137586902990884,29.479191396148135,2025,Diciembre_2025Avance mensual de la producción pecuaria (1).xls.xlsx
Puebla,38675.08159158101,151.98521847875722,37398.55845370118,3539.2936570419224,15124.354649063374,346.53022210705547,309.00463960544533,15601.840126371391,207.6447854229006,35069.899125821044,37180.698201996966,,,,2024,Diciembre_2024Avance mensual de la producción pecuaria (2).xls.xlsx
Puebla,36927.393753761025,146.31191126293913,40240.07972338417,3438.0419491248126,15629.605349411879,371.7164883617493,308.25872078616237,16782.53382723416,201.84350077655827,36464.38756472625,38917.01144044924,,,,2025,Enero_2025Avance mensual de la producción pecuaria.xls.xlsx
Puebla,38688.82531380288,158.90778474281615,39699.31706836443,3673.777650802909,15138.476575279223,353.0698784731564,310.82727754609965,15780.171109535346,211.9362920078721,37369.191390196815,39521.40187872599,,,,2025,Enero_2025Avance mensual de la producción pecuaria.xls.xlsx
Puebla,38962.961413869976,161.37623742964274,42024.39551515122,3488.2638019641004,18310.33538498664,481.64993834308297,331.71892726771773,18705.077805836663,267.5470476862203,43856.15598490606,42327.48423755508,306.34322221536,7.900852382729266,31.183796445919796,2025,Diciembre_2025Avance mensual de la producción pecuaria (1).xls.xlsx
Puebla,39241.23555190309,172.31291870341587,38609.539887173065,3496.6653666549855,15929.36369147922,362.73099853429966,297.76328793479627,16321.598106149597,208.4801542049955,35731.641666988355,41360.15222871889,26.74723633579551,0.49319623671572016,,2026,Enero_2026Avance mensual de la producción pecuaria.xls.xlsx
Puebla,39236.9452396052,167.2013084486189,39857.00932667656,3549.756670195868,19030.222807418482,389.24639137529294,280.74789545331583,21492.187177360505,230.42404735689874,46763.48678236472,42223.963292597466,356.4016607018485,7.163169435705847,29.60177751233426,2024,Enero_2024Avance mensual de la producción pecuaria.xls.xlsx
Puebla,39661.08497430102,147.73895472309007,38169.54740468254,3594.398698995176,15855.078992853289,373.1530712305398,305.1986011561943,17092.53269261094,209.43082035782908,36722.71815633496,36646.68028758689,,,,2025,Enero_2025Avance mensual de la producción pecuaria.xls.xlsx
Puebla,37267.84329860992,153.18116543149893,38470.00538637146,3589.82110119728,15326.5766949616,352.69995248656943,292.1029819762965,16859.917752610687,198.356099499838,36675.81841739946,37330.25778624741,,,,2025,Enero_2025Avance mensual de la producción pecuaria.xls.xlsx
Puebla,37121.207477345815,171.0384665931825,39694.42345540411,3449.0794837545577,15885.036788932863,380.9271052561144,308.43593503117,17132.893256359035,206.7459039880122,36426.32989864955,38483.9999381209,27.04582043414253,0.48159795331489613,,2026,Enero_2026Avance mensual de la producción pecuaria.xls.xlsx
Puebla,37612.55260267469,168.71813292951865,40659.28511770859,3731.71417128016,16494.087414353522,356.58726837853885,298.4969825002991,16602.29329658462,203.9455331335446,38088.028648216794,41074.18708735144,27.378509878869213,0.49639830511852995,,2026,Enero_2026Avance mensual de la producción pecuaria.xls.xlsx
Puebla,38622.0500293365,158.85296565975895,39095.828722069666,3389.8839147836043,14716.881649192752,338.88148132920156,296.01543201822903,15837.314432666692,212.1340771592128,34707.48835161108,38531.12916673896,,,,2024,Diciembre_2024Avance mensual de la producción pecuaria (2).xls.xlsx
Puebla,38525.01763432019,156.57529627443893,38291.058998072695,3342.6453670502933,15068.474936038216,332.532690131166,305.8535272354065,15877.694173764652,210.6296031281705,35610.33241003499,36105.62338087447,,,,2024,Diciembre_2024Avance mensual de la producción pecuaria (2).xls.xlsx
Puebla,39028.1980052894,171.34134209845317,38500.56237527116,3674.1677559111013,18070.999577091396,404.27794932040416,275.21246872246263,22624.81762615565,227.17820297372745,43067.77833063921,42108.91167894902,341.06911631821885,7.602160251047136,27.744534731394683,2024,Enero_2024Avance mensual de la producción pecuaria.xls.xlsx
Puebla,39040.19455240862,173.97929317889944,38514.49953434254,3697.8293540759205,19301.280793387585,393.0022194071863,287.63568255934166,20580.7058366687,235.59468847754283,45539.1238616405,38608.527998571415,363.2134111482246,7.699428101903629,28.684358737474213,2024,Enero_2024Avance mensual de la producción pecuaria.xls.xlsx
Puebla,40521.55658816426,163.26599054275414,40982.178324895816,3717.009159716907,19340.573928587266,492.3785309393067,335.99964525029515,20346.57445601433,277.64402902361206,45723.53985429201,42825.95144045761,322.675041358556,7.9493087240431635,29.46634010107262,2025,Diciembre_2025Avance mensual de la producción pecuaria (1).xls.xlsx
Puebla,35930.961899602524,153.96500907963897,36316.532997084476,3578.6907674388735,15336.93618004062,347.9563177555524,318.32830129059715,16211.680417469004,209.00384117057612,33494.946416294086,36506.35035904356,,,,2024,Diciembre_2024Avance mensual de la producción pecuaria (2).xls.xlsx
Puebla,39986.17632402667,148.28927306740457,37046.05197138615,3616.5863265649755,14887.977179265708,372.5912682217404,295.52380732613796,16384.224940381642,212.74448475059546,37759.39001318555,36966.96801117872,,,,2025,Enero_2025Avance mensual de la producción pecuaria.xls.xlsx
Puebla,36834.86199730649,161.6443294736507,36748.526576282704,3488.903864772697,14852.670751746857,337.9192682699178,298.76291497387604,16447.459875127333,201.13900031619696,34753.24489496458,37003.826136532516,,,,2024,Diciembre_2024Avance mensual de la producción pecuaria (2).xls.xlsx
Puebla,37946.34991176806,159.31576997944754,37727.437800990505,3414.2135948072505,15780.716691710904,369.0472938300937,292.6118033668438,16463.443190034162,197.22505628649807,37375.85320015162,37565.111842868515,,,,2025,Enero_2025Avance mensual de la producción pecuaria.xls.xlsx
Puebla,39103.6153875294,157.29465474997417,38396.30639995928,3563.059958513797,15629.025628258172,376.62083209985286,317.3848084725357,17351.542062953285,208.93000334213542,38551.05897555226,39606.474667093826,26.411458041105927,0.48593392510557903,,2026,Enero_2026Avance mensual de la producción pecuaria.xls.xlsx
Puebla,35454.109256446114,157.29648901894979,36297.25598816893,3427.057001467899,15299.171321760346,358.3432193299708,315.4199052037785,16729.66415738634,198.05628946216692,35314.90177023227,36342.070225250216,,,,2024,Diciembre_2024Avance mensual de la producción pecuaria (2).xls.xlsx
Puebla,37727.29133002086,171.90087698103517,37399.91936770446,3509.5879411326455,16581.78242584536,379.1197536573189,298.4463532564791,16595.983220613813,214.5205728241133,38386.33164414898,41703.815502304715,25.45947382625489,0.48501436609996684,,2026,Enero_2026Avance mensual de la producción pecuaria.xls.xlsx
Puebla,39571.71991713548,162.7391840694011,36948.18673928248,3615.6965447680145,17997.369407614482,408.6329672105158,298.16884560253,21091.374624074826,237.69995660543316,46528.421281617026,40542.51030953131,365.1176923996511,7.475255672021239,30.012838211539087,2024,Enero_2024Avance mensual de la producción pecuaria.xls.xlsx
Puebla,37039.12676170682,169.2512204762972,40713.11807478509,3535.2213794738386,18435.886896406835,403.2645728445852,272.9055507566928,21772.045701568546,217.2642727448497,44401.72687472919,39622.33821934877,354.7023776102422,7.080609480674466,28.48342416568732,2024,Enero_2024Avance mensual de la producción pecuaria.xls.xlsx
Puebla,40274.86206200509,174.41568393374985,39741.9778371625,3436.826669154448,19662.052133488476,457.55058727956947,331.11375491581987,20435.543786464266,259.2283009823527,42795.41259616426,41495.74184350517,316.9637296262692,8.374453825377694,29.2078142649682,2025,Diciembre_2025Avance mensual de la producción pecuaria (1).xls.xlsx
Puebla,36190.83521186625,146.9448025787472,36859.29654849052,3374.1185939768284,14024.080830099165,332.58125912888823,315.49978538705915,15619.726369624072,206.24439656263178,35667.724412282725,37857.15182911361,,,,2024,Diciembre_2024Avance mensual de la producción pecuaria (2).xls.xlsx
Puebla,38597.703217102324,168.1442430446064,39898.791596155155,3661.879484894464,16409.72047664198,381.9074002658884,324.7285255243508,16932.605220593967,223.13259079984127,38646.51616444225,39556.89448336914,26.928416311798983,0.4997816733042224,,2026,Enero_2026Avance mensual de la producción pecuaria.xls.xlsx
Puebla,37583.72875710605,149.45072122826238,37461.51692027896,3410.3474829902807,14894.044526147763,360.0788996496423,311.18135106565336,16702.302548351763,201.41574388679692,36984.93697032548,38168.71055453244,,,,2025,Enero_2025Avance mensual de la producción pecuaria.xls.xlsx
Sonora,9277.29,52.89,9330.18,6655.39,28897.91,39.352,24.89,4316.26,,39933.8,17236.18,80.174,,,2025,Diciembre_2025Avance mensual de la producción pecuaria (1).xls.xlsx
Sonora,8990.39,63.231,9053.62,6451.53,30434.29,46.784,23.03,4050.48,,41006.11,15100.22,27.7,,,2024,Enero_2024Avance mensual de la producción pecuaria.xls.xlsx
Sonora,9168.07,54.554,9222.63,5292.8,26647.52,43.69,23.124,3743.13,,35750.25,15025.84,,,,2025,Enero_2025Avance mensual de la producción pecuaria.xls.xlsx
Sonora,9857.62,56.3,9913.92,5346.24,25038.32,44.206,23.472,3979.05,0.106,34431.38,16733.87,14.69,0.106,,2026,Enero_2026Avance mensual de la producción pecuaria.xls.xlsx
Sonora,9734.1,58.295,9792.39,6540.14,27217.53,44.54,23.516,3636.3,,37462.03,14730.2,,,,2024,Diciembre_2024Avance mensual de la producción pecuaria (2).xls.xlsx
Sonora,10197.320271766997,56.92533815392061,10103.577788623785,6633.222886499381,27837.924492573766,46.14406219417838,22.711646561379602,3691.2617962905233,,38374.58225956238,14162.33258062384,,,,2024,Diciembre_2024Avance mensual de la producción pecuaria (2).xls.xlsx
Sonora,9444.521334934108,51.940563140408045,8958.41213322778,5062.485710487946,26638.08984866109,44.66347569071786,23.576997120853537,3788.395134878554,,35772.65131934684,14851.298164241258,,,,2025,Enero_2025Avance mensual de la producción pecuaria.xls.xlsx
Sonora,9403.567326733737,60.58902967062019,9058.918805796255,6503.13178041062,30242.099597009415,44.76137966431297,23.7053808900593,3990.6847673743473,,41556.01846620613,15034.136165726064,28.780568787459153,,,2024,Enero_2024Avance mensual de la producción pecuaria.xls.xlsx
Sonora,9845.64697804894,58.93405199617752,10251.690256346079,5379.111136353272,25612.970047163188,45.124755830813925,23.041903008412902,4114.9136886101915,0.10643140385243606,32954.040408794404,16514.745028925434,14.463593989823911,0.10438113661372338,,2026,Enero_2026Avance mensual de la producción pecuaria.xls.xlsx
Sonora,8810.273415100924,53.43806943905032,9437.334251080756,5324.906174772592,27355.046028612356,43.880218471570025,23.94994131388392,3732.382413490309,,34872.193761299124,14456.398229329043,,,,2025,Enero_2025Avance mensual de la producción pecuaria.xls.xlsx
Sonora,9212.039595207503,56.02271996071615,9261.583811848528,5347.5739521761725,25738.594857613247,41.862558035567666,24.06316566232036,3922.465206663267,,35256.3713545357,14904.052246371059,,,,2025,Enero_2025Avance mensual de la producción pecuaria.xls.xlsx
Sonora,9689.690441234012,59.02172627463593,9880.861982057158,6655.552501497164,27517.535631266215,44.354271057368635,22.991368592517652,3685.0781057484787,,37358.984524005464,15100.190287982756,,,,2024,Diciembre_2024Avance mensual de la producción pecuaria (2).xls.xlsx
Sonora,9483.778983955259,53.90993351016241,9230.340623080649,5454.224577751039,25675.829061457625,43.62313807847117,24.24209505350668,3603.2360342092334,,34125.93290638966,14381.242980605037,,,,2025,Enero_2025Avance mensual de la producción pecuaria.xls.xlsx
Sonora,8629.050565345686,61.37003112758872,8870.32806098291,6303.029147052877,31199.332226698294,45.220359608699866,22.20255864909629,4121.84036916353,,39529.98885469221,14466.282585223982,27.258473541430178,,,2024,Enero_2024Avance mensual de la producción pecuaria.xls.xlsx
Sonora,8979.818323586922,60.83698846066374,9112.488441498825,6661.236602125898,30911.971874282946,48.86915421092612,22.343742084330934,3979.638731242579,,40090.912295486414,14880.921455640755,26.51364193210799,,,2024,Enero_2024Avance mensual de la producción pecuaria.xls.xlsx
Sonora,8952.629997647886,53.49830358795757,9506.41338674817,6654.229088517937,30217.430822475388,40.7292230818507,24.104035624863446,4396.6836625968335,,41816.80921719044,17997.54638760919,79.44945870193304,,,2025,Diciembre_2025Avance mensual de la producción pecuaria (1).xls.xlsx
Sonora,8832.766820635312,64.9675368583508,9391.612381749574,6178.667879958351,29122.444326761604,47.5747541029605,23.93735830214813,3876.164007780886,,40314.529682143846,15354.768405149825,27.1770724613256,,,2024,Enero_2024Avance mensual de la producción pecuaria.xls.xlsx
Sonora,9385.680630048677,55.33905526476829,9348.326472994962,5059.149835830253,25467.180682297247,43.52526930601165,23.48078609799624,3621.433895393645,,35686.04633377714,15294.30661817689,,,,2025,Enero_2025Avance mensual de la producción pecuaria.xls.xlsx
Sonora,8968.829363009567,63.422603418747755,9290.029517020468,6344.588354021719,29771.391826546453,46.371203909748964,22.228796164260896,4194.570665245271,,39759.92493792989,14891.716148404974,27.993008520983953,,,2024,Enero_2024Avance mensual de la producción pecuaria.xls.xlsx
Sonora,9613.288415643745,55.624804656994726,9459.51888774128,6726.46661158858,26568.951729825254,45.21243582269035,23.37566455063501,3537.0943023204604,,37877.03463460426,14868.164218666003,,,,2024,Diciembre_2024Avance mensual de la producción pecuaria (2).xls.xlsx
Sonora,9179.3925834415,55.3678371446967,9294.312431668204,6793.609761626535,28166.73161074907,39.530783492490045,25.17697678439874,4461.735712724109,,39057.984739177184,16391.833291151528,77.91223176448396,,,2025,Diciembre_2025Avance mensual de la producción pecuaria (1).xls.xlsx
Sonora,9130.890513401986,56.18360540115237,8770.104707696593,5445.558128501812,27730.087705952596,41.77757119959796,22.160802350129448,3660.510170497636,,34702.74114273184,15230.335741798235,,,,2025,Enero_2025Avance mensual de la producción pecuaria.xls.xlsx
Sonora,9541.70811319741,51.794235752111405,9093.826820818236,6666.883230555092,28174.150862409304,39.401200423441004,25.841834340965868,4377.931547311,,39999.980802983606,17948.528822007458,79.80521259777774,,,2025,Diciembre_2025Avance mensual de la producción pecuaria (1).xls.xlsx
Sonora,9527.53598741323,57.172430134784285,9431.487260765263,5261.148525637882,26039.82257660072,45.028677403690274,23.826052815355002,3815.803083622185,,33982.42086964348,15194.99109235943,,,,2025,Enero_2025Avance mensual de la producción pecuaria.xls.xlsx
Sonora,10177.32733718979,58.88891872678494,10273.9894849494,6309.569016801283,27923.54799893088,44.35845441481685,23.52824424874282,3640.9016478861363,,35617.639522102625,15280.665502147796,,,,2024,Diciembre_2024Avance mensual de la producción pecuaria (2).xls.xlsx
Sonora,9543.458591627239,53.32593343925813,8956.205952120665,6541.045577044388,28752.668649054987,37.58885952399155,26.052678145380074,4232.2270261399035,,38811.93500089118,17622.223989916358,80.05846685804926,,,2025,Diciembre_2025Avance mensual de la producción pecuaria (1).xls.xlsx
Sonora,9675.655132366353,57.696652000188266,9816.262252790353,5310.965169621341,25731.156747242207,45.47152140819706,23.278968570554515,3864.709760579941,0.1032388078010411,32836.24771863835,16098.91738675052,13.995951441488243,0.11091870577995444,,2026,Enero_2026Avance mensual de la producción pecuaria.xls.xlsx
Sonora,9340.553215483083,56.25482890194694,9499.374351805393,5075.054435420828,25489.32859910201,42.38525836415207,24.24345670174,3568.3967068743254,,34348.93227166108,15630.55990027479,,,,2025,Enero_2025Avance mensual de la producción pecuaria.xls.xlsx
Sonora,9796.111530775092,57.18097455927636,9620.503295886012,5196.872444606278,25007.20035699762,43.13895926270607,23.866141821191874,3901.0392927856906,0.10106750482730072,33876.55497844293,16008.362765374975,15.371641571055905,0.10835471829583261,,2026,Enero_2026Avance mensual de la producción pecuaria.xls.xlsx
Sonora,9049.690821520162,50.92299840253083,9381.57524922812,6720.7627639858865,27550.150779287247,38.03255244202676,25.225196799129062,4382.369042625855,,41142.13960112044,17294.72694709783,79.24563890069236,,,2025,Diciembre_2025Avance mensual de la producción pecuaria (1).xls.xlsx
Sonora,10193.638249878059,55.38944605874902,10144.985018313451,5472.231156787013,23943.277095714027,43.45544871577094,22.68792933023827,4153.453678784744,0.11125163767162789,34679.453421833285,16135.026915173361,14.012785142472543,0.10992167309226546,,2026,Enero_2026Avance mensual de la producción pecuaria.xls.xlsx
Sonora,9402.6182346058,58.710110895035655,10028.907047504339,5612.668539930944,26055.97110168224,45.34099570604718,24.36846083429266,4126.75411951488,0.1097703785946779,34474.996728614125,15916.766190211154,14.000974056860514,0.1020849148445287,,2026,Enero_2026Avance mensual de la producción pecuaria.xls.xlsx
Sonora,9650.016251201805,51.43349197104214,9039.101461841406,6943.64381342906,27855.404520247288,39.42828723431989,24.70952183323441,4431.100475236826,,39109.12239682285,17101.79684737268,79.27594504919804,,,2025,Diciembre_2025Avance mensual de la producción pecuaria (1).xls.xlsx
Sonora,9696.601778840362,57.54979766546079,9650.776929655254,6633.379636408809,27305.771089244616,43.22554119506727,22.721708077038077,3741.1881074271973,,39079.46707900037,14428.290863188726,,,,2024,Diciembre_2024Avance mensual de la producción pecuaria (2).xls.xlsx
Sonora,9992.868002181483,55.91759285097582,10195.268904804547,5304.13731924429,24815.718324850932,45.87623564347892,22.327992370887102,4044.698318017616,0.10951255925248854,34076.78857505534,16710.443408314488,13.989804229506104,0.1091186330230237,,2026,Enero_2026Avance mensual de la producción pecuaria.xls.xlsx
Sonora,10014.705041061417,55.95885009197976,9967.679732298368,5419.043687429774,24656.09333527333,45.883979547998734,23.612258540636013,3883.6669420598005,0.10704917218667842,33009.683414879655,16863.05528686307,15.06637779889281,0.10362313622346438,,2026,Enero_2026Avance mensual de la producción pecuaria.xls.xlsx
Sonora,10118.71155998115,58.95338129615183,9307.891541536148,6726.960157347125,28305.777608124372,46.190556305154914,23.580432951383685,3784.368329015561,,37900.584933880054,14058.118528292525,,,,2024,Diciembre_2024Avance mensual de la producción pecuaria (2).xls.xlsx
Sonora,9992.343779232511,58.794516966502705,10172.664151565774,5142.193367736225,23841.046119195165,43.05132253203324,23.98686682242489,4046.985240568891,0.10169488721912757,33101.772298438234,16103.008615017237,14.380400570027827,0.11070684619454922,,2026,Enero_2026Avance mensual de la producción pecuaria.xls.xlsx
Sonora,9969.93139838025,54.840099967617,9453.231394796914,5298.072991748988,25448.421857516394,43.99044864488648,24.388013702043388,4003.0996292702725,0.11034204428602788,33898.46192145993,16832.001423868987,15.277722195851211,0.10227723727569421,,2026,Enero_2026Avance mensual de la producción pecuaria.xls.xlsx
Sonora,9430.442048807186,54.16905274857417,10157.538506329482,5527.906457155656,26198.581813005785,46.349945273936356,22.484783135474117,3824.2607647473906,0.10779352278714363,34456.900327852956,16471.428287623534,14.126108132534572,0.10560436141369316,,2026,Enero_2026Avance mensual de la producción pecuaria.xls.xlsx
Sonora,9006.939529641593,61.31807565443337,8784.257204912321,6376.584480438459,30617.40759442509,48.05658316916866,23.563136417253855,4029.034953907705,,42540.65100117181,15446.277008016392,28.962895156206233,,,2024,Enero_2024Avance mensual de la producción pecuaria.xls.xlsx
Sonora,9393.571007085317,60.55057870576994,10240.953416598622,6587.145471594377,28406.452846505956,42.43400369413864,22.78091792773987,3621.885078157157,,37437.8541799099,14954.5286442089,,,,2024,Diciembre_2024Avance mensual de la producción pecuaria (2).xls.xlsx
Sonora,10091.673186722432,57.120914875248815,9782.997517314876,5393.163606781592,23917.248950408484,42.283943416126135,24.312713179170498,4124.111683047118,0.10676078693171222,35127.78484315673,17312.19984817059,15.260564994621452,0.10985360373865417,,2026,Enero_2026Avance mensual de la producción pecuaria.xls.xlsx
Sonora,9745.996939938264,57.04694362786969,9622.914689051284,6333.783052216944,26996.505472570057,44.37935035232213,24.26630975919707,3653.2626923068856,,39308.221920708835,15013.745783540304,,,,2024,Diciembre_2024Avance mensual de la producción pecuaria (2).xls.xlsx
Sonora,9333.304089572672,56.277616930849405,8898.81243996375,5219.883974557723,26008.399993781706,45.47788307940915,23.21833147902857,3698.362370686761,,34432.81439086328,14920.555557989199,,,,2025,Enero_2025Avance mensual de la producción pecuaria.xls.xlsx
Sonora,8747.872506982569,56.52541787816109,9043.34596059065,5205.21013490533,27262.600628074328,43.85908815525541,23.610165447536545,3921.6025613658107,,34944.90957202042,15285.736879343916,,,,2025,Enero_2025Avance mensual de la producción pecuaria.xls.xlsx
Sonora,9448.323747321345,58.250875726826266,10287.328552070385,5092.933389102246,26243.407056693904,44.19632997301639,23.036242585664894,3824.1537776875075,0.10530671718510234,34068.390879781124,16357.99577704375,14.379167588155736,0.10285416476551253,,2026,Enero_2026Avance mensual de la producción pecuaria.xls.xlsx
Sonora,9944.671349174096,60.73713222785178,10278.41994044377,6228.954752269641,26554.864967047815,42.78277985960683,23.448198431130404,3608.1362849870725,,37169.18248792671,14444.895909970284,,,,2024,Diciembre_2024Avance mensual de la producción pecuaria (2).xls.xlsx
Sonora,9317.562613504468,56.85068902710061,9663.433556343994,6757.074510322568,27637.155184085866,45.238298586442006,24.272361328655943,3469.766432632578,,37128.69688522301,15155.880920266529,,,,2024,Diciembre_2024Avance mensual de la producción pecuaria (2).xls.xlsx
Sonora,9316.75701137398,59.78176692362643,9742.067525645296,6391.725132713559,26395.82632625672,45.97464747731341,23.420208037672527,3723.5363354344795,,38989.023560610374,14651.27487604986,,,,2024,Diciembre_2024Avance mensual de la producción pecuaria (2).xls.xlsx
Sonora,8551.756491466696,62.981487295214116,9254.674588753107,6463.193570275271,30633.11799134062,46.224556963123376,22.70250940504449,4219.821071315162,,41883.774616259885,15550.780878550206,27.25787227878498,,,2024,Enero_2024Avance mensual de la producción pecuaria.xls.xlsx
Sonora,9586.593677470752,56.419738905436446,9578.80407907906,5186.269471589066,26551.40902176772,44.89414817669275,23.110616863021594,3660.7951129360326,,36136.01383800462,15510.306699915976,,,,2025,Enero_2025Avance mensual de la producción pecuaria.xls.xlsx
Sonora,9965.293012180991,59.62698640251362,9883.502640764733,6828.350395814865,28502.211921940623,46.608779016474216,24.28791094203136,3766.6037839344644,,36747.901503775705,15256.896474621824,,,,2024,Diciembre_2024Avance mensual de la producción pecuaria (2).xls.xlsx
Sonora,9591.253453549994,59.90655038937015,9686.167733157958,6382.71671045284,27512.914430043424,43.22057580895472,23.128475244197343,3560.74431514286,,38675.01450874096,15343.912035098816,,,,2024,Diciembre_2024Avance mensual de la producción pecuaria (2).xls.xlsx
Sonora,8807.467552465272,64.21842691584119,8974.511135074392,6406.147881708962,29976.273328493815,46.89314534658148,22.27867294899162,4216.861632433545,,42872.13613906098,14996.006164649929,27.81552233037571,,,2024,Enero_2024Avance mensual de la producción pecuaria.xls.xlsx
Sonora,8855.26734196748,61.191349852233905,9230.725236348644,6691.998039290893,29259.8179205057,45.78814622310288,23.51826828882179,4153.34676112807,,42323.21921060656,14826.704910734923,28.42546802091549,,,2024,Enero_2024Avance mensual de la producción pecuaria.xls.xlsx
Sonora,10001.450493787075,58.5574844237097,9305.921949233589,6763.769339751779,26268.310009849793,45.84437358237672,24.282570365004325,3747.1732512628523,,35594.791701763614,14851.280397708062,,,,2024,Diciembre_2024Avance mensual de la producción pecuaria (2).xls.xlsx
Sonora,9426.998195637745,55.453418252345124,9441.759004458105,6446.478251531994,28104.13333632071,39.65734541341553,23.895986684045074,4108.219097567602,,40478.50250366302,17014.130470140717,79.69649448199483,,,2025,Diciembre_2025Avance mensual de la producción pecuaria (1).xls.xlsx
Sonora,9427.666217717871,60.844753733644964,9650.883120051583,6738.072961612733,26539.722763402937,45.13943008776906,22.904287963556875,3804.5917301428285,,35780.49201936454,14879.084269180079,,,,2024,Diciembre_2024Avance mensual de la producción pecuaria (2).xls.xlsx
Sonora,9416.874768107551,55.63193129282868,10080.47950048244,6512.793638542997,28171.82030727729,45.866909666929196,22.67406133112195,3718.724372846532,,36553.97744163585,15033.032087391608,,,,2024,Diciembre_2024Avance mensual de la producción pecuaria (2).xls.xlsx
Sonora,8629.332026522683,61.1115905613388,8685.129191651551,6440.5423167324825,30620.617209319895,46.297308259304025,22.67980907087373,3971.394821683962,,39199.89214101777,15384.715722833533,26.854108027672495,,,2024,Enero_2024Avance mensual de la producción pecuaria.xls.xlsx
Sonora,9134.50839681757,60.90238420743054,9133.47498080893,6215.068504644063,30505.478578013175,48.72595737603552,22.915658304419164,4183.900650211746,,41431.734776114245,14910.792099563898,26.4746838026913,,,2024,Enero_2024Avance mensual de la producción pecuaria.xls.xlsx
Sonora,9991.442993133262,59.61234988525929,9773.757911719198,6265.847518418353,26169.026021316655,44.68711057471431,24.101140014002908,3556.854553379621,,38161.03369369575,14239.478414306297,,,,2024,Diciembre_2024Avance mensual de la producción pecuaria (2).xls.xlsx
Yucatán,197.931,,197.931,2887.24,25818.49,96.831,0.689,21248.12,507.327,50558.7,12887.47,1392.65,22.82,,2025,Diciembre_2025Avance mensual de la producción pecuaria (1).xls.xlsx
Yucatán,158.571,,158.571,2898.5,16637.27,92.666,0.637,15018.92,373.286,35021.28,9608.48,1076.86,18.58,,2024,Enero_2024Avance mensual de la producción pecuaria.xls.xlsx
Yucatán,189.781,,189.781,2917.8,15868.98,90.525,0.72,16174.69,416.099,35468.82,9485.67,248.52,4.2,,2025,Enero_2025Avance mensual de la producción pecuaria.xls.xlsx
Yucatán,272.959,,272.959,3023.92,21371.53,91.9,0.755,20568.46,419.562,45476.13,12113.58,264.767,5.522,,2026,Enero_2026Avance mensual de la producción pecuaria.xls.xlsx
Yucatán,189.425,,189.425,2889.52,13302.39,89.532,0.674,15085.3,400.352,31767.77,8139.18,188.158,4.058,,2024,Diciembre_2024Avance mensual de la producción pecuaria (2).xls.xlsx
Yucatán,262.85760422713406,,260.94106531130046,3065.2081944690403,20891.841604946734,92.19427922986527,0.7195797717752594,20425.591907764025,420.642633099067,47226.79869241805,12407.371664607908,262.4334691726119,5.3737610463399,,2026,Enero_2026Avance mensual de la producción pecuaria.xls.xlsx
Yucatán,159.60146345809224,,161.29274882270354,2897.988704744714,16840.31051498481,93.50398873695097,0.6084557305793228,15586.611892145549,363.93609527995824,34612.52646760966,9201.69136138013,1104.168591406487,19.40225035591969,,2024,Enero_2024Avance mensual de la producción pecuaria.xls.xlsx
Yucatán,196.73738425243238,,191.3411660637575,2890.5693601441867,16650.43568412426,86.55394847596082,0.6942362721626804,16345.340689353414,395.3780403216522,35445.768786054614,9839.140025314444,241.15553570792676,4.007991773150027,,2025,Enero_2025Avance mensual de la producción pecuaria.xls.xlsx
Yucatán,191.1438014878529,,199.08423340339527,3049.9821817795796,15688.586470708697,89.27735054656549,0.6993643210542496,15765.683128586606,402.537571101541,34700.22756235926,9796.91079614006,244.23432640905665,4.177482493910542,,2025,Enero_2025Avance mensual de la producción pecuaria.xls.xlsx
Yucatán,197.1383826199121,,184.48401514814014,2896.03289622916,13400.616516018734,91.52971206172528,0.6851308534916686,14867.852579985298,385.02116238162483,32678.772762566347,7908.076217693708,189.03642042289718,3.8835074252235975,,2024,Diciembre_2024Avance mensual de la producción pecuaria (2).xls.xlsx
Yucatán,197.8162209500379,,190.0072423525209,2808.3584339277977,13190.123010887877,86.85105603990662,0.6509037912721233,14457.6301373727,398.31359758346224,31441.985663529424,8390.944695603544,189.5768879492987,4.151023458674357,,2024,Diciembre_2024Avance mensual de la producción pecuaria (2).xls.xlsx
Yucatán,196.39474908604618,,200.91891362972555,2875.391771619731,26715.09300803602,93.96071978761917,0.6627404455521002,20894.259320423927,513.0221590851554,50627.51568189205,13256.512669409785,1326.1010325816958,23.067389191678203,,2025,Diciembre_2025Avance mensual de la producción pecuaria (1).xls.xlsx
Yucatán,195.50265703158152,,200.7929075807927,3008.3272089978404,26857.00365604258,92.0871583536305,0.7072391488477155,21625.361131497255,492.7710278201037,49311.70591538954,13057.863743705608,1454.6388274971057,23.291539389233055,,2025,Diciembre_2025Avance mensual de la producción pecuaria (1).xls.xlsx
Yucatán,206.56714823262692,,199.14418922493203,2793.7209888644543,26792.765210016543,96.22563124353995,0.7007857090579481,20338.93651558958,529.6015519325746,53024.24350313036,12724.46950741894,1420.03329692609,22.533564272727013,,2025,Diciembre_2025Avance mensual de la producción pecuaria (1).xls.xlsx
Yucatán,192.7425906083276,,194.6707088356235,2806.8673142430434,13933.418452408456,92.95869745704528,0.669640852526083,14640.889186731361,380.6019203799042,31105.39846536444,7953.198723006198,188.07716262361322,4.005035768829933,,2024,Diciembre_2024Avance mensual de la producción pecuaria (2).xls.xlsx
Yucatán,182.15150964143768,,183.83660656146174,2748.8089196625447,12673.877593322,85.52007952812589,0.677323478597759,14906.450254203222,411.25362560234754,32627.858645102548,7920.873836241128,196.30763541717982,3.873490563402331,,2024,Diciembre_2024Avance mensual de la producción pecuaria (2).xls.xlsx
Yucatán,180.75486145965064,,193.69894324119815,2749.1442431530054,13754.426711716309,86.76652402985961,0.6613277229700006,15812.48618807469,405.36459798910516,31537.439849653394,7991.54256975463,187.01203433664654,3.997107656461128,,2024,Diciembre_2024Avance mensual de la producción pecuaria (2).xls.xlsx
Yucatán,191.00753659273116,,192.05333467011434,3013.909888913955,16268.51675785139,88.80579028334779,0.718740030256946,16635.445167919475,410.8376279161139,34426.80780217965,9868.472222011465,260.4597847923593,4.380301128950065,,2025,Enero_2025Avance mensual de la producción pecuaria.xls.xlsx
Yucatán,197.57351351281739,,196.92765280516872,2956.5922914924854,12941.48872246633,91.60667791140672,0.6744497365414371,15437.521761685734,382.3557349873396,32719.909675832005,7795.414225111236,188.38914753534198,4.008990128787826,,2024,Diciembre_2024Avance mensual de la producción pecuaria (2).xls.xlsx
Yucatán,196.31418629912787,,196.37009078342322,2875.5038794515526,16593.11344355648,91.79810370384543,0.7118810835248228,15553.890770260256,421.40370350328664,34878.642915084914,9797.626439901442,238.9342299559898,4.339174436613227,,2025,Enero_2025Avance mensual de la producción pecuaria.xls.xlsx
Yucatán,201.41157203054328,,194.27218686025455,2944.4971905593734,24910.138535822556,96.01707642245657,0.717012825315312,21845.183446703857,501.523864664159,52405.070089308174,12692.727537539924,1429.5275074295414,23.60118680183935,,2025,Diciembre_2025Avance mensual de la producción pecuaria (1).xls.xlsx
Yucatán,190.7879839086862,,193.5020429969657,2856.9834358679195,26282.060799820756,99.33959044573278,0.6556566624971912,21854.262593934967,529.4600099037091,52658.186343510475,12915.30615681145,1417.5641916829654,22.53073631885741,,2025,Diciembre_2025Avance mensual de la producción pecuaria (1).xls.xlsx
Yucatán,193.0664772016763,,207.46441240434393,3018.0021745276767,25108.19808139595,97.89256804897494,0.7084416000269869,21462.944220894922,509.45726987236003,52377.922534639685,13266.987476907592,1430.6674957426228,23.121198168664105,,2025,Diciembre_2025Avance mensual de la producción pecuaria (1).xls.xlsx
Yucatán,164.5255190705675,,159.00334670029133,3033.8752197113363,16523.106132642944,96.3359516741036,0.6130731863500724,15755.390437489099,389.69757540447085,33392.81819866653,9977.807436453928,1125.4739863053537,17.82820043702334,,2024,Enero_2024Avance mensual de la producción pecuaria.xls.xlsx
Yucatán,153.54124263239214,,165.01565786688764,2867.426275918338,17001.8922378639,95.61302667356861,0.6559537668662196,14756.470239276836,362.8520476001876,36027.69823799604,9459.338537913962,1106.6340270452774,17.843634803004285,,2024,Enero_2024Avance mensual de la producción pecuaria.xls.xlsx
Yucatán,266.91130424366304,,263.7843300370097,3131.033870702228,21506.86444869485,89.62835703995975,0.7637513496335924,21476.08947007646,429.0326014404184,45072.93620526457,12067.358795790455,267.7148258159095,5.272768761873998,,2026,Enero_2026Avance mensual de la producción pecuaria.xls.xlsx
Yucatán,262.84861641496565,,276.85737081649404,3106.4999414969807,21216.590321328367,89.7995205284583,0.7809174958656985,21421.498034873825,424.48132336853337,47175.677210218644,12010.028351244338,274.2273606151373,5.566736534561736,,2026,Enero_2026Avance mensual de la producción pecuaria.xls.xlsx
Yucatán,277.76603267386463,,281.41691268817584,2966.4655010012516,21000.388656681585,88.45702601253203,0.7246123315858877,19563.65094908287,429.6066595724485,46103.49259839053,11523.95274544323,269.3539940008581,5.481176393845131,,2026,Enero_2026Avance mensual de la producción pecuaria.xls.xlsx
Yucatán,165.61127181437496,,165.66539121221723,2820.8317444069853,17202.37094001342,91.15521732733338,0.6407570663921557,14944.000410180308,362.6349508270852,36189.74096209332,9412.412132874062,1066.9657087533562,18.66924411868216,,2024,Enero_2024Avance mensual de la producción pecuaria.xls.xlsx
Yucatán,154.90750297381118,,155.99168635012103,2886.394313416363,16044.674317606214,97.29507367720235,0.637069297972702,15735.479030786293,379.4450142988333,35019.2899853402,9569.267056853463,1118.3858499321395,18.61915398796458,,2024,Enero_2024Avance mensual de la producción pecuaria.xls.xlsx
Yucatán,272.2877012272148,,279.1000635161299,3108.9976386110716,21222.149152884293,91.03385323957242,0.7705675853137336,19752.1417617836,419.4797823391726,45635.412440045664,12005.882531866191,257.4038419300496,5.439282091680302,,2026,Enero_2026Avance mensual de la producción pecuaria.xls.xlsx
Yucatán,276.62592410118305,,274.01843601344456,3163.0710567596952,22234.42170579196,89.33128871479289,0.7575889366679726,20666.74575750355,429.75001321216445,43858.94257293028,12382.415745184939,270.4499926433758,5.620000819665521,,2026,Enero_2026Avance mensual de la producción pecuaria.xls.xlsx
Yucatán,198.8861394068246,,181.10221343201408,2965.681699107134,13762.452560154317,91.88206176128651,0.6767455098247713,15807.821768096717,393.42769773754685,32669.934509375093,8045.4195905213655,195.33742165547426,4.162900063275871,,2024,Diciembre_2024Avance mensual de la producción pecuaria (2).xls.xlsx
Yucatán,262.1718804613672,,278.1452138296112,3131.331750613675,21159.827390494556,92.29030852182181,0.7496844937399929,20682.60554109044,435.9273105718253,45109.54515008166,12100.711076472213,270.8914980972283,5.253977724552253,,2026,Enero_2026Avance mensual de la producción pecuaria.xls.xlsx
Yucatán,189.3979273696369,,193.02590405442038,2919.300637396583,13652.38700648864,86.3948116979047,0.6611154401780949,14617.377078992586,383.7094199907283,31768.02451788244,8081.887166091189,191.86989482983356,3.9391989252462105,,2024,Diciembre_2024Avance mensual de la producción pecuaria (2).xls.xlsx
Yucatán,187.60079814752163,,197.9530990030581,3015.665296883116,16381.803275930228,89.44494333870874,0.7187230340101578,16307.61882699463,428.8811168359694,36480.02795036721,9713.920024178287,254.7985668842733,4.289559064595002,,2025,Enero_2025Avance mensual de la producción pecuaria.xls.xlsx
Yucatán,164.3718469419474,,158.528383190146,2980.9393856922907,17284.272507275287,91.87342506601688,0.6126979632535471,14575.021662490233,386.7735557842012,35367.449243289404,9957.241303621824,1073.0969394685033,18.36934028075366,,2024,Enero_2024Avance mensual de la producción pecuaria.xls.xlsx
Yucatán,272.3030175889211,,265.59595610662217,2986.721411994172,21466.645637840862,94.23269494823113,0.789844257093223,20608.98863431747,432.8727014261687,44116.84268720173,12152.209090968385,274.67380490026693,5.611723635501156,,2026,Enero_2026Avance mensual de la producción pecuaria.xls.xlsx
Yucatán,152.40223170509915,,151.34910300480803,2913.569389069691,16145.573596573147,88.22425330697372,0.6506579656430143,14379.177414744812,373.7610584808401,35337.2863221268,9886.580344928061,1044.924260261505,18.295656621786808,,2024,Enero_2024Avance mensual de la producción pecuaria.xls.xlsx
Yucatán,160.70257711422389,,157.23332971849706,2986.8326924087132,16230.171103924658,90.52559745902121,0.6658221553330158,15177.343577031761,370.98599756557627,34697.79844565057,9413.222889845409,1036.7347335934123,18.377023073028464,,2024,Enero_2024Avance mensual de la producción pecuaria.xls.xlsx
Yucatán,162.86479534187217,,155.42997330479895,2766.924544404959,16297.361712959217,92.82905788577041,0.6195925342544186,15044.136675257068,391.8107763887726,34914.55454750699,9648.229907180392,1053.7622984958418,17.94582534731543,,2024,Enero_2024Avance mensual de la producción pecuaria.xls.xlsx
Yucatán,180.3466306822352,,194.7359599805517,3007.6913730057845,16017.834969191816,88.43248513605437,0.7473125534527101,16563.143568969233,404.82987197282614,33795.79574957588,9338.860241462866,249.30476146465213,4.098457028259787,,2025,Enero_2025Avance mensual de la producción pecuaria.xls.xlsx
Yucatán,205.0358655701991,,195.04650729627534,2794.23857072793,24612.274995246822,98.07463972456291,0.7102756299364277,21525.833929523837,509.70514431399965,49092.64608733888,12776.896700227919,1394.1208884376815,23.060549630632316,,2025,Diciembre_2025Avance mensual de la producción pecuaria (1).xls.xlsx
Yucatán,264.3887152058547,,285.21680246749037,3028.360208348586,21662.273570280515,91.73336213453373,0.7683750071405543,20670.492455002415,426.722896478046,44480.37593238342,12395.116394451745,273.25539712737566,5.485092670068235,,2026,Enero_2026Avance mensual de la producción pecuaria.xls.xlsx
Yucatán,198.96161414152078,,207.08155207875754,2976.2465180103486,25468.273126131695,95.4919265688308,0.6976145109212706,21651.364376228597,517.5175575098673,51635.3981149331,13379.336379118835,1379.3597539341056,23.445958722479567,,2025,Diciembre_2025Avance mensual de la producción pecuaria (1).xls.xlsx
Yucatán,196.2643715108568,,200.32415581703813,2816.1622369697134,25289.83525251608,101.18073205484986,0.6763602719369561,20491.563505261238,492.3113721595156,48088.86945097374,12399.673320778184,1390.469726527487,23.624598867169297,,2025,Diciembre_2025Avance mensual de la producción pecuaria (1).xls.xlsx
Yucatán,202.2786299575539,,206.4155159269143,2813.8485071062296,26798.29284163784,98.11071364657239,0.7108007030840906,21450.74135255822,515.1395360884475,50097.48969173052,13060.985937880343,1324.8791504091198,22.91503712637065,,2025,Diciembre_2025Avance mensual de la producción pecuaria (1).xls.xlsx
Yucatán,156.52799684181898,,162.7073934264008,2870.3162608942835,16570.72490559246,89.2368147202581,0.6370965348962591,14526.465537494707,385.1702901993553,36506.27637567033,9687.407713223512,1067.1401794155943,19.05986062864016,,2024,Enero_2024Avance mensual de la producción pecuaria.xls.xlsx
Yucatán,196.4292389742933,,190.31263874917133,3003.552825645653,12763.713768236363,90.0700129855502,0.6450780922150726,15727.213016210797,382.3369037267486,30534.801269399075,7828.601131855996,190.93849041234702,3.9796418514543563,,2024,Diciembre_2024Avance mensual de la producción pecuaria (2).xls.xlsx
Yucatán,162.22600384535963,,153.50161096279254,2753.7033401995745,17180.887420128005,95.26742979087147,0.6250793833464717,14370.604445394774,388.6475137500234,35078.80030986326,9331.654243614717,1024.6870300918551,18.422016518213344,,2024,Enero_2024Avance mensual de la producción pecuaria.xls.xlsx
Yucatán,160.91330252486185,,157.91448345009331,3014.840890561665,15884.668546311068,94.59799063078675,0.6647284251773374,14914.350393562605,355.72304507289334,36024.71805799769,9426.882125058906,1053.2640553030458,18.97534092241087,,2024,Enero_2024Avance mensual de la producción pecuaria.xls.xlsx
Yucatán,203.79451973203516,,199.1358943407826,2787.2857793826233,26403.922257669437,93.65580721618892,0.713161869955674,21664.152830092018,500.02002159992395,52796.080761751735,12458.228416722843,1351.978542376437,22.560335767608464,,2025,Diciembre_2025Avance mensual de la producción pecuaria (1).xls.xlsx
Yucatán,162.59906866716287,,164.34237518187314,3040.55153610316,17092.975176627846,97.04372716310502,0.6676973929674755,14955.873895526864,355.21198447690176,35885.52337905694,9362.242985824549,1027.5382428975577,18.7444421695254,,2024,Enero_2024Avance mensual de la producción pecuaria.xls.xlsx
Yucatán,188.7457877865898,,197.56152965510807,3018.5652432180386,25437.93218551482,96.33535741312896,0.6978187440614224,20381.399099212307,485.874432691968,51673.850740424794,12587.966226730628,1389.7616564219481,22.102020681866293,,2025,Diciembre_2025Avance mensual de la producción pecuaria (1).xls.xlsx
Yucatán,187.43100549770568,,196.95795248720222,2887.9813853827804,13734.435473147105,86.47918266348731,0.6569821789296638,15165.82384719762,416.81320453084146,32804.949855707826,8005.4319748394855,182.16936914072232,4.098487199615028,,2024,Diciembre_2024Avance mensual de la producción pecuaria (2).xls.xlsx
Yucatán,284.7182729068212,,277.7180122965267,3027.766501176556,21404.996546204336,88.96099898043768,0.7295425362506033,20859.77502514391,413.47251198695153,45231.47397313335,12415.681120124307,271.20299700035815,5.721627869130692,,2026,Enero_2026Avance mensual de la producción pecuaria.xls.xlsx
Yucatán,190.52292302859004,,190.7460861549276,2881.9128517218055,25723.719755408718,92.94066925286609,0.667428404957923,21681.14034790036,503.5104566215951,52105.010197126525,12980.146636975851,1441.1041767323027,23.66123565807706,,2025,Diciembre_2025Avance mensual de la producción pecuaria (1).xls.xlsx
Yucatán,193.91620140655917,,198.8011845884406,2928.6567123006107,12697.66771573763,92.24945832843966,0.641634227372605,14894.108627911506,388.9557553775267,30204.68263781404,8534.944918741341,189.01572168006615,4.149038960088527,,2024,Diciembre_2024Avance mensual de la producción pecuaria (2).xls.xlsx
Yucatán,285.913410623028,,273.70233998467273,2900.1575169822254,20922.79026129434,88.4264602428178,0.7467464993794384,20699.398756770624,423.63576955310805,47406.86937472527,12010.294561883662,277.52102079572956,5.657705015925837,,2026,Enero_2026Avance mensual de la producción pecuaria.xls.xlsx
Yucatán,181.28258080187837,,187.72867593508113,2781.4272649671025,16552.948860777942,87.13144639027567,0.697782792995967,16094.92690193297,420.04375228242134,35267.7348790893,9726.47803149427,247.28929345818725,4.224329526963294,,2025,Enero_2025Avance mensual de la producción pecuaria.xls.xlsx
Yucatán,201.53718169863058,,201.08035465152182,2759.5382203039517,25539.195807779543,100.22465169289069,0.6829130612254667,21613.70673581325,500.84338081835125,50828.583290424795,13366.198813643745,1394.511723796973,23.013212581758413,,2025,Diciembre_2025Avance mensual de la producción pecuaria (1).xls.xlsx
Yucatán,197.3006717341854,,190.1897862529581,2871.1769410944066,25939.063692298972,95.32628581011416,0.7189711163536909,21425.66284685538,498.85640824084174,49319.416515821285,13118.127995967297,1460.7809105049264,21.9839906267788,,2025,Diciembre_2025Avance mensual de la producción pecuaria (1).xls.xlsx
